# File produced by Open Asset Import Library (http://www.assimp.sf.net)
# (assimp v5.4.0)

mtllib player_minecraft_model.mtl

# 1359 vertex positions
v -0.400000006 1 -0.600000024
v -0.400000006 1.20000005 -0.600000024
v -0.400000006 1.20000005 -0.800000012
v -0.400000006 1 -0.800000012
v -0.400000006 0.800000012 -0.600000024
v -0.400000006 0.800000012 -0.400000006
v -0.400000006 1 -0.400000006
v -0.400000006 1.20000005 -0.400000006
v -0.400000006 1 -0.200000003
v -0.400000006 0.800000012 -0.200000003
v -0.400000006 0.600000024 -0.200000003
v -0.400000006 0.600000024 -0.400000006
v -0.400000006 0.800000012 1.77635687e-16
v -0.400000006 0.600000024 1.33226768e-16
v -0.400000006 1.20000005 -0.200000003
v -0.400000006 1 2.22044605e-16
v -0.400000006 0.600000024 0.200000003
v -0.400000006 0.800000012 0.200000003
v -0.400000006 0.400000006 8.88178433e-17
v -0.400000006 0.400000006 0.200000003
v -0.400000006 0.400000006 0.400000006
v -0.400000006 0.600000024 0.400000006
v -0.400000006 1 0.200000003
v -0.400000006 0.800000012 0.400000006
v -0.400000006 0.600000024 0.600000024
v -0.400000006 0.400000006 0.600000024
v -0.400000006 0.200000003 0.600000024
v -0.400000006 0.200000003 0.400000006
v -0.400000006 0.200000003 0.800000012
v -0.400000006 0.400000006 0.800000012
v -0.400000006 0.800000012 0.600000024
v -0.400000006 0.600000024 0.800000012
v -0.400000006 0.800000012 0.800000012
v -0.400000006 1 0.600000024
v -0.400000006 1 0.400000006
v -0.400000006 1 0.800000012
v -0.400000006 1.20000005 0.600000024
v -0.400000006 1.20000005 0.400000006
v -0.400000006 1.20000005 0.200000003
v -0.400000006 1.20000005 2.66453536e-16
v -0.400000006 1.20000005 0.800000012
v -0.400000006 -1.33226768e-16 0.600000024
v -0.400000006 -1.77635687e-16 0.800000012
v -0.400000006 -8.88178433e-17 0.400000006
v -0.400000006 0.200000003 0.200000003
v -0.400000006 -0.200000003 0.600000024
v -0.400000006 -0.200000003 0.400000006
v -0.400000006 -4.44089216e-17 0.200000003
v -0.400000006 0.200000003 4.44089216e-17
v -0.400000006 -0.200000003 0.200000003
v -0.400000006 0 0
v -0.400000006 -0.400000006 0.600000024
v -0.400000006 -0.400000006 0.400000006
v -0.400000006 -0.200000003 -4.44089216e-17
v -0.400000006 -0.400000006 0.200000003
v -0.400000006 0.200000003 -0.200000003
v -0.400000006 4.44089216e-17 -0.200000003
v -0.400000006 -0.400000006 -8.88178433e-17
v -0.400000006 -0.200000003 -0.200000003
v -0.400000006 -0.600000024 0.200000003
v -0.400000006 -0.600000024 0.400000006
v -0.400000006 -0.600000024 -1.33226768e-16
v -0.400000006 -0.400000006 -0.200000003
v -0.400000006 8.88178433e-17 -0.400000006
v -0.400000006 -0.200000003 -0.400000006
v -0.400000006 -0.600000024 -0.200000003
v -0.400000006 -0.400000006 -0.400000006
v -0.400000006 -0.800000012 -1.77635687e-16
v -0.400000006 -0.800000012 0.200000003
v -0.400000006 -0.600000024 -0.400000006
v -0.400000006 -0.800000012 -0.200000003
v -0.400000006 -0.200000003 -0.600000024
v -0.400000006 -0.400000006 -0.600000024
v -0.400000006 -0.800000012 -0.400000006
v -0.400000006 -0.600000024 -0.600000024
v -0.400000006 -1 -0.200000003
v -0.400000006 -1 -2.22044605e-16
v -0.400000006 -1 -0.400000006
v -0.400000006 -0.800000012 -0.600000024
v -0.400000006 -0.400000006 -0.800000012
v -0.400000006 -0.600000024 -0.800000012
v -0.400000006 -1 -0.600000024
v -0.400000006 -0.800000012 -0.800000012
v -0.400000006 -1.20000005 -0.200000003
v -0.400000006 -1.20000005 -0.400000006
v -0.400000006 -1 -0.800000012
v -0.400000006 -1.20000005 -0.600000024
v -0.400000006 -1.20000005 -0.800000012
v -0.400000006 -1.20000005 -2.66453536e-16
v -0.400000006 -1.20000005 0.200000003
v -0.400000006 -1 0.200000003
v -0.400000006 -1.20000005 0.400000006
v -0.400000006 -1 0.400000006
v -0.400000006 -1.20000005 0.600000024
v -0.400000006 -1 0.600000024
v -0.400000006 -0.800000012 0.400000006
v -0.400000006 -0.800000012 0.600000024
v -0.400000006 -1.20000005 0.800000012
v -0.400000006 -1 0.800000012
v -0.400000006 -0.800000012 0.800000012
v -0.400000006 -0.600000024 0.600000024
v -0.400000006 -0.600000024 0.800000012
v -0.400000006 -0.400000006 0.800000012
v -0.400000006 -0.200000003 0.800000012
v -0.400000006 -0.200000003 -0.800000012
v -0.400000006 1.77635687e-16 -0.800000012
v -0.400000006 1.33226768e-16 -0.600000024
v -0.400000006 0.200000003 -0.800000012
v -0.400000006 0.200000003 -0.600000024
v -0.400000006 0.400000006 -0.800000012
v -0.400000006 0.400000006 -0.600000024
v -0.400000006 0.200000003 -0.400000006
v -0.400000006 0.400000006 -0.400000006
v -0.400000006 0.600000024 -0.600000024
v -0.400000006 0.600000024 -0.800000012
v -0.400000006 0.400000006 -0.200000003
v -0.400000006 0.800000012 -0.800000012
v 0.200000003 1 -0.800000012
v 0.200000003 1.20000005 -0.800000012
v 0.400000006 1.20000005 -0.800000012
v 0.400000006 1 -0.800000012
v 0.200000003 0.800000012 -0.800000012
v 0 0.800000012 -0.800000012
v 0 1 -0.800000012
v 0 1.20000005 -0.800000012
v -0.200000003 1 -0.800000012
v -0.200000003 0.800000012 -0.800000012
v -0.200000003 0.600000024 -0.800000012
v 0 0.600000024 -0.800000012
v -0.200000003 1.20000005 -0.800000012
v -0.200000003 0.400000006 -0.800000012
v -0.200000003 0.200000003 -0.800000012
v 0 0.400000006 -0.800000012
v 0 0.200000003 -0.800000012
v -0.200000003 1.77635687e-16 -0.800000012
v 0.200000003 0.600000024 -0.800000012
v 0.200000003 0.400000006 -0.800000012
v 0 1.77635687e-16 -0.800000012
v 0.200000003 0.200000003 -0.800000012
v 0.400000006 0.400000006 -0.800000012
v 0.400000006 0.600000024 -0.800000012
v 0.400000006 0.800000012 -0.800000012
v 0.400000006 0.200000003 -0.800000012
v 0.200000003 1.77635687e-16 -0.800000012
v 0.400000006 1.77635687e-16 -0.800000012
v 0.200000003 -0.200000003 -0.800000012
v 0 -0.200000003 -0.800000012
v 0.400000006 -0.200000003 -0.800000012
v 0.200000003 -0.400000006 -0.800000012
v 0 -0.400000006 -0.800000012
v -0.200000003 -0.200000003 -0.800000012
v -0.200000003 -0.400000006 -0.800000012
v -0.200000003 -0.600000024 -0.800000012
v 0 -0.600000024 -0.800000012
v -0.200000003 -0.800000012 -0.800000012
v 0 -0.800000012 -0.800000012
v 0.200000003 -0.600000024 -0.800000012
v -0.200000003 -1 -0.800000012
v 0 -1 -0.800000012
v 0.200000003 -0.800000012 -0.800000012
v 0.400000006 -0.400000006 -0.800000012
v 0.400000006 -0.600000024 -0.800000012
v 0.400000006 -0.800000012 -0.800000012
v 0.200000003 -1 -0.800000012
v 0.400000006 -1 -0.800000012
v 0.200000003 -1.20000005 -0.800000012
v 0 -1.20000005 -0.800000012
v 0.400000006 -1.20000005 -0.800000012
v -0.200000003 -1.20000005 -0.800000012
v 0.400000006 1 0.600000024
v 0.400000006 1.20000005 0.600000024
v 0.400000006 1.20000005 0.800000012
v 0.400000006 1 0.800000012
v 0.400000006 0.800000012 0.600000024
v 0.400000006 0.800000012 0.400000006
v 0.400000006 1 0.400000006
v 0.400000006 1.20000005 0.400000006
v 0.400000006 1 0.200000003
v 0.400000006 0.800000012 0.200000003
v 0.400000006 0.600000024 0.200000003
v 0.400000006 0.600000024 0.400000006
v 0.400000006 0.800000012 1.77635687e-16
v 0.400000006 0.600000024 1.33226768e-16
v 0.400000006 1.20000005 0.200000003
v 0.400000006 1 2.22044605e-16
v 0.400000006 0.600000024 -0.200000003
v 0.400000006 0.800000012 -0.200000003
v 0.400000006 0.400000006 8.88178433e-17
v 0.400000006 0.400000006 -0.200000003
v 0.400000006 0.400000006 -0.400000006
v 0.400000006 0.600000024 -0.400000006
v 0.400000006 1 -0.200000003
v 0.400000006 0.800000012 -0.400000006
v 0.400000006 0.600000024 -0.600000024
v 0.400000006 0.400000006 -0.600000024
v 0.400000006 0.200000003 -0.600000024
v 0.400000006 0.200000003 -0.400000006
v 0.400000006 0.800000012 -0.600000024
v 0.400000006 1 -0.600000024
v 0.400000006 1 -0.400000006
v 0.400000006 1.20000005 -0.600000024
v 0.400000006 1.20000005 -0.400000006
v 0.400000006 1.20000005 -0.200000003
v 0.400000006 1.20000005 2.66453536e-16
v 0.400000006 1.33226768e-16 -0.600000024
v 0.400000006 8.88178433e-17 -0.400000006
v 0.400000006 0.200000003 -0.200000003
v 0.400000006 -0.200000003 -0.600000024
v 0.400000006 -0.200000003 -0.400000006
v 0.400000006 4.44089216e-17 -0.200000003
v 0.400000006 0.200000003 4.44089216e-17
v 0.400000006 -0.200000003 -0.200000003
v 0.400000006 0 0
v 0.400000006 -0.400000006 -0.600000024
v 0.400000006 -0.400000006 -0.400000006
v 0.400000006 -0.200000003 -4.44089216e-17
v 0.400000006 -0.400000006 -0.200000003
v 0.400000006 0.200000003 0.200000003
v 0.400000006 -4.44089216e-17 0.200000003
v 0.400000006 -0.400000006 -8.88178433e-17
v 0.400000006 -0.200000003 0.200000003
v 0.400000006 -0.600000024 -0.200000003
v 0.400000006 -0.600000024 -0.400000006
v 0.400000006 -0.600000024 -1.33226768e-16
v 0.400000006 -0.400000006 0.200000003
v 0.400000006 -8.88178433e-17 0.400000006
v 0.400000006 -0.200000003 0.400000006
v 0.400000006 -0.600000024 0.200000003
v 0.400000006 -0.400000006 0.400000006
v 0.400000006 -0.800000012 -1.77635687e-16
v 0.400000006 -0.800000012 -0.200000003
v 0.400000006 -0.600000024 0.400000006
v 0.400000006 -0.800000012 0.200000003
v 0.400000006 -0.200000003 0.600000024
v 0.400000006 -0.400000006 0.600000024
v 0.400000006 -0.800000012 0.400000006
v 0.400000006 -0.600000024 0.600000024
v 0.400000006 -1 0.200000003
v 0.400000006 -1 -2.22044605e-16
v 0.400000006 -1 0.400000006
v 0.400000006 -0.800000012 0.600000024
v 0.400000006 -0.400000006 0.800000012
v 0.400000006 -0.600000024 0.800000012
v 0.400000006 -1 0.600000024
v 0.400000006 -0.800000012 0.800000012
v 0.400000006 -1.20000005 0.200000003
v 0.400000006 -1.20000005 0.400000006
v 0.400000006 -1 0.800000012
v 0.400000006 -1.20000005 0.600000024
v 0.400000006 -1.20000005 0.800000012
v 0.400000006 -1.20000005 -2.66453536e-16
v 0.400000006 -1.20000005 -0.200000003
v 0.400000006 -1 -0.200000003
v 0.400000006 -1.20000005 -0.400000006
v 0.400000006 -1 -0.400000006
v 0.400000006 -1.20000005 -0.600000024
v 0.400000006 -1 -0.600000024
v 0.400000006 -0.800000012 -0.400000006
v 0.400000006 -0.800000012 -0.600000024
v 0.400000006 -0.600000024 -0.600000024
v 0.400000006 -0.200000003 0.800000012
v 0.400000006 -1.77635687e-16 0.800000012
v 0.400000006 -1.33226768e-16 0.600000024
v 0.400000006 0.200000003 0.800000012
v 0.400000006 0.200000003 0.600000024
v 0.400000006 0.400000006 0.800000012
v 0.400000006 0.400000006 0.600000024
v 0.400000006 0.200000003 0.400000006
v 0.400000006 0.400000006 0.400000006
v 0.400000006 0.600000024 0.600000024
v 0.400000006 0.600000024 0.800000012
v 0.400000006 0.400000006 0.200000003
v 0.400000006 0.800000012 0.800000012
v -0.200000003 1 0.800000012
v -0.200000003 1.20000005 0.800000012
v -0.200000003 0.800000012 0.800000012
v 0 0.800000012 0.800000012
v 0 1 0.800000012
v 0 1.20000005 0.800000012
v 0.200000003 1 0.800000012
v 0.200000003 0.800000012 0.800000012
v 0.200000003 0.600000024 0.800000012
v 0 0.600000024 0.800000012
v 0.200000003 1.20000005 0.800000012
v 0.200000003 0.400000006 0.800000012
v 0.200000003 0.200000003 0.800000012
v 0 0.400000006 0.800000012
v 0 0.200000003 0.800000012
v 0.200000003 -1.77635687e-16 0.800000012
v -0.200000003 0.600000024 0.800000012
v -0.200000003 0.400000006 0.800000012
v 0 -1.77635687e-16 0.800000012
v -0.200000003 0.200000003 0.800000012
v -0.200000003 -1.77635687e-16 0.800000012
v -0.200000003 -0.200000003 0.800000012
v 0 -0.200000003 0.800000012
v -0.200000003 -0.400000006 0.800000012
v 0 -0.400000006 0.800000012
v 0.200000003 -0.200000003 0.800000012
v 0.200000003 -0.400000006 0.800000012
v 0.200000003 -0.600000024 0.800000012
v 0 -0.600000024 0.800000012
v 0.200000003 -0.800000012 0.800000012
v 0 -0.800000012 0.800000012
v -0.200000003 -0.600000024 0.800000012
v 0.200000003 -1 0.800000012
v 0 -1 0.800000012
v -0.200000003 -0.800000012 0.800000012
v -0.200000003 -1 0.800000012
v -0.200000003 -1.20000005 0.800000012
v 0 -1.20000005 0.800000012
v 0.200000003 -1.20000005 0.800000012
v 0.200000003 -1.20000005 0.600000024
v 0 -1.20000005 0.600000024
v 0 -1.20000005 0.400000006
v 0.200000003 -1.20000005 0.400000006
v 0.200000003 -1.20000005 0.200000003
v 0 -1.20000005 0.200000003
v -0.200000003 -1.20000005 0.200000003
v -0.200000003 -1.20000005 0.400000006
v 0 -1.20000005 -2.66453536e-16
v -0.200000003 -1.20000005 -2.66453536e-16
v 0.200000003 -1.20000005 -2.66453536e-16
v -0.200000003 -1.20000005 -0.200000003
v 0 -1.20000005 -0.200000003
v -0.200000003 -1.20000005 -0.400000006
v 0.200000003 -1.20000005 -0.200000003
v 0 -1.20000005 -0.400000006
v -0.200000003 -1.20000005 -0.600000024
v 0 -1.20000005 -0.600000024
v 0.200000003 -1.20000005 -0.400000006
v 0.200000003 -1.20000005 -0.600000024
v -0.200000003 -1.20000005 0.600000024
v -0.200000003 1.20000005 0.600000024
v 0 1.20000005 0.600000024
v 0 1.20000005 0.400000006
v -0.200000003 1.20000005 0.400000006
v -0.200000003 1.20000005 0.200000003
v 0 1.20000005 0.200000003
v 0.200000003 1.20000005 0.200000003
v 0.200000003 1.20000005 0.400000006
v 0 1.20000005 2.66453536e-16
v 0.200000003 1.20000005 2.66453536e-16
v -0.200000003 1.20000005 2.66453536e-16
v 0.200000003 1.20000005 -0.200000003
v 0 1.20000005 -0.200000003
v 0.200000003 1.20000005 -0.400000006
v -0.200000003 1.20000005 -0.200000003
v 0 1.20000005 -0.400000006
v 0.200000003 1.20000005 -0.600000024
v 0 1.20000005 -0.600000024
v -0.200000003 1.20000005 -0.400000006
v -0.200000003 1.20000005 -0.600000024
v 0.200000003 1.20000005 0.600000024
v -0.800000012 2.5999999 -0.600000024
v -0.800000012 2.79999995 -0.600000024
v -0.800000012 2.79999995 -0.800000012
v -0.800000012 2.5999999 -0.800000012
v -0.800000012 2.4000001 -0.600000024
v -0.800000012 2.4000001 -0.400000006
v -0.800000012 2.5999999 -0.400000006
v -0.800000012 2.79999995 -0.400000006
v -0.800000012 2.5999999 -0.200000003
v -0.800000012 2.4000001 -0.200000003
v -0.800000012 2.20000005 -0.200000003
v -0.800000012 2.20000005 -0.400000006
v -0.800000012 2.4000001 5.32907073e-16
v -0.800000012 2.20000005 4.88498141e-16
v -0.800000012 2.79999995 -0.200000003
v -0.800000012 2.5999999 5.77315952e-16
v -0.800000012 2.20000005 0.200000003
v -0.800000012 2.4000001 0.200000003
v -0.800000012 2 4.4408921e-16
v -0.800000012 2 0.200000003
v -0.800000012 2 0.400000006
v -0.800000012 2.20000005 0.400000006
v -0.800000012 2.4000001 0.400000006
v -0.800000012 2.5999999 0.200000003
v -0.800000012 2.20000005 0.600000024
v -0.800000012 2 0.600000024
v -0.800000012 1.79999995 0.600000024
v -0.800000012 1.79999995 0.400000006
v -0.800000012 1.79999995 0.800000012
v -0.800000012 2 0.800000012
v -0.800000012 2.4000001 0.600000024
v -0.800000012 2.20000005 0.800000012
v -0.800000012 2.5999999 0.600000024
v -0.800000012 2.5999999 0.400000006
v -0.800000012 2.4000001 0.800000012
v -0.800000012 2.79999995 0.600000024
v -0.800000012 2.79999995 0.400000006
v -0.800000012 2.5999999 0.800000012
v -0.800000012 2.79999995 0.200000003
v -0.800000012 2.79999995 6.21724883e-16
v -0.800000012 2.79999995 0.800000012
v -0.800000012 1.60000002 0.600000024
v -0.800000012 1.60000002 0.800000012
v -0.800000012 1.60000002 0.400000006
v -0.800000012 1.79999995 0.200000003
v -0.800000012 1.39999998 0.600000024
v -0.800000012 1.39999998 0.400000006
v -0.800000012 1.60000002 0.200000003
v -0.800000012 1.79999995 3.99680278e-16
v -0.800000012 1.39999998 0.200000003
v -0.800000012 1.60000002 3.55271373e-16
v -0.800000012 1.20000005 0.600000024
v -0.800000012 1.20000005 0.400000006
v -0.800000012 1.39999998 3.10862442e-16
v -0.800000012 1.20000005 0.200000003
v -0.800000012 1.79999995 -0.200000003
v -0.800000012 1.60000002 -0.200000003
v -0.800000012 1.20000005 2.66453536e-16
v -0.800000012 1.39999998 -0.200000003
v -0.800000012 1.60000002 -0.400000006
v -0.800000012 1.79999995 -0.400000006
v -0.800000012 2 -0.200000003
v -0.800000012 2 -0.400000006
v -0.800000012 1.79999995 -0.600000024
v -0.800000012 2 -0.600000024
v -0.800000012 2.20000005 -0.600000024
v -0.800000012 2 -0.800000012
v -0.800000012 2.20000005 -0.800000012
v -0.800000012 1.79999995 -0.800000012
v -0.800000012 1.60000002 -0.600000024
v -0.800000012 1.60000002 -0.800000012
v -0.800000012 1.39999998 -0.600000024
v -0.800000012 1.39999998 -0.400000006
v -0.800000012 1.20000005 -0.200000003
v -0.800000012 1.20000005 -0.400000006
v -0.800000012 1.39999998 -0.800000012
v -0.800000012 1.20000005 -0.600000024
v -0.800000012 1.20000005 -0.800000012
v -0.800000012 2.4000001 -0.800000012
v -0.800000012 1.20000005 0.800000012
v -0.800000012 1.39999998 0.800000012
v 0.600000024 2.5999999 -0.800000012
v 0.600000024 2.79999995 -0.800000012
v 0.800000012 2.79999995 -0.800000012
v 0.800000012 2.5999999 -0.800000012
v 0.600000024 2.4000001 -0.800000012
v 0.400000006 2.4000001 -0.800000012
v 0.400000006 2.5999999 -0.800000012
v 0.400000006 2.79999995 -0.800000012
v 0.200000003 2.5999999 -0.800000012
v 0.200000003 2.4000001 -0.800000012
v 0.200000003 2.20000005 -0.800000012
v 0.400000006 2.20000005 -0.800000012
v 0 2.4000001 -0.800000012
v 0 2.20000005 -0.800000012
v 0.200000003 2.79999995 -0.800000012
v 0 2.5999999 -0.800000012
v -0.200000003 2.20000005 -0.800000012
v -0.200000003 2.4000001 -0.800000012
v 0 2 -0.800000012
v -0.200000003 2 -0.800000012
v -0.400000006 2 -0.800000012
v -0.400000006 2.20000005 -0.800000012
v -0.400000006 2.4000001 -0.800000012
v -0.200000003 2.5999999 -0.800000012
v -0.600000024 2.20000005 -0.800000012
v -0.600000024 2 -0.800000012
v -0.600000024 1.79999995 -0.800000012
v -0.400000006 1.79999995 -0.800000012
v -0.600000024 2.4000001 -0.800000012
v -0.600000024 2.5999999 -0.800000012
v -0.400000006 2.5999999 -0.800000012
v -0.600000024 2.79999995 -0.800000012
v -0.400000006 2.79999995 -0.800000012
v -0.200000003 2.79999995 -0.800000012
v 0 2.79999995 -0.800000012
v -0.600000024 1.60000002 -0.800000012
v -0.400000006 1.60000002 -0.800000012
v -0.200000003 1.79999995 -0.800000012
v -0.600000024 1.39999998 -0.800000012
v -0.400000006 1.39999998 -0.800000012
v -0.200000003 1.60000002 -0.800000012
v 0 1.79999995 -0.800000012
v -0.200000003 1.39999998 -0.800000012
v 0 1.60000002 -0.800000012
v -0.600000024 1.20000005 -0.800000012
v 0 1.39999998 -0.800000012
v 0.200000003 1.79999995 -0.800000012
v 0.200000003 1.60000002 -0.800000012
v 0.200000003 1.39999998 -0.800000012
v 0.400000006 1.60000002 -0.800000012
v 0.400000006 1.79999995 -0.800000012
v 0.200000003 2 -0.800000012
v 0.400000006 2 -0.800000012
v 0.600000024 1.79999995 -0.800000012
v 0.600000024 2 -0.800000012
v 0.600000024 2.20000005 -0.800000012
v 0.800000012 2 -0.800000012
v 0.800000012 2.20000005 -0.800000012
v 0.800000012 1.79999995 -0.800000012
v 0.600000024 1.60000002 -0.800000012
v 0.800000012 1.60000002 -0.800000012
v 0.600000024 1.39999998 -0.800000012
v 0.400000006 1.39999998 -0.800000012
v 0.800000012 1.39999998 -0.800000012
v 0.600000024 1.20000005 -0.800000012
v 0.800000012 1.20000005 -0.800000012
v 0.800000012 2.4000001 -0.800000012
v 0.800000012 2.5999999 0.600000024
v 0.800000012 2.79999995 0.600000024
v 0.800000012 2.79999995 0.800000012
v 0.800000012 2.5999999 0.800000012
v 0.800000012 2.4000001 0.600000024
v 0.800000012 2.4000001 0.400000006
v 0.800000012 2.5999999 0.400000006
v 0.800000012 2.79999995 0.400000006
v 0.800000012 2.5999999 0.200000003
v 0.800000012 2.4000001 0.200000003
v 0.800000012 2.20000005 0.200000003
v 0.800000012 2.20000005 0.400000006
v 0.800000012 2.4000001 5.32907073e-16
v 0.800000012 2.20000005 4.88498141e-16
v 0.800000012 2.79999995 0.200000003
v 0.800000012 2.5999999 5.77315952e-16
v 0.800000012 2.20000005 -0.200000003
v 0.800000012 2.4000001 -0.200000003
v 0.800000012 2 4.4408921e-16
v 0.800000012 2 -0.200000003
v 0.800000012 2 -0.400000006
v 0.800000012 2.20000005 -0.400000006
v 0.800000012 2.4000001 -0.400000006
v 0.800000012 2.5999999 -0.200000003
v 0.800000012 2.20000005 -0.600000024
v 0.800000012 2 -0.600000024
v 0.800000012 1.79999995 -0.600000024
v 0.800000012 1.79999995 -0.400000006
v 0.800000012 2.4000001 -0.600000024
v 0.800000012 2.5999999 -0.600000024
v 0.800000012 2.5999999 -0.400000006
v 0.800000012 2.79999995 -0.600000024
v 0.800000012 2.79999995 -0.400000006
v 0.800000012 2.79999995 -0.200000003
v 0.800000012 2.79999995 6.21724883e-16
v 0.800000012 1.60000002 -0.600000024
v 0.800000012 1.60000002 -0.400000006
v 0.800000012 1.79999995 -0.200000003
v 0.800000012 1.39999998 -0.600000024
v 0.800000012 1.39999998 -0.400000006
v 0.800000012 1.60000002 -0.200000003
v 0.800000012 1.79999995 3.99680278e-16
v 0.800000012 1.39999998 -0.200000003
v 0.800000012 1.60000002 3.55271373e-16
v 0.800000012 1.20000005 -0.600000024
v 0.800000012 1.20000005 -0.400000006
v 0.800000012 1.39999998 3.10862442e-16
v 0.800000012 1.20000005 -0.200000003
v 0.800000012 1.79999995 0.200000003
v 0.800000012 1.60000002 0.200000003
v 0.800000012 1.20000005 2.66453536e-16
v 0.800000012 1.39999998 0.200000003
v 0.800000012 1.60000002 0.400000006
v 0.800000012 1.79999995 0.400000006
v 0.800000012 2 0.200000003
v 0.800000012 2 0.400000006
v 0.800000012 1.79999995 0.600000024
v 0.800000012 2 0.600000024
v 0.800000012 2.20000005 0.600000024
v 0.800000012 2 0.800000012
v 0.800000012 2.20000005 0.800000012
v 0.800000012 1.79999995 0.800000012
v 0.800000012 1.60000002 0.600000024
v 0.800000012 1.60000002 0.800000012
v 0.800000012 1.39999998 0.600000024
v 0.800000012 1.39999998 0.400000006
v 0.800000012 1.20000005 0.200000003
v 0.800000012 1.20000005 0.400000006
v 0.800000012 1.39999998 0.800000012
v 0.800000012 1.20000005 0.600000024
v 0.800000012 1.20000005 0.800000012
v 0.800000012 2.4000001 0.800000012
v -0.600000024 2.5999999 0.800000012
v -0.600000024 2.79999995 0.800000012
v -0.600000024 2.4000001 0.800000012
v -0.400000006 2.4000001 0.800000012
v -0.400000006 2.5999999 0.800000012
v -0.400000006 2.79999995 0.800000012
v -0.200000003 2.5999999 0.800000012
v -0.200000003 2.4000001 0.800000012
v -0.200000003 2.20000005 0.800000012
v -0.400000006 2.20000005 0.800000012
v 0 2.4000001 0.800000012
v 0 2.20000005 0.800000012
v -0.200000003 2.79999995 0.800000012
v 0 2.5999999 0.800000012
v 0.200000003 2.20000005 0.800000012
v 0.200000003 2.4000001 0.800000012
v 0 2 0.800000012
v 0.200000003 2 0.800000012
v 0.400000006 2 0.800000012
v 0.400000006 2.20000005 0.800000012
v 0.400000006 2.4000001 0.800000012
v 0.200000003 2.5999999 0.800000012
v 0.600000024 2.20000005 0.800000012
v 0.600000024 2 0.800000012
v 0.600000024 1.79999995 0.800000012
v 0.400000006 1.79999995 0.800000012
v 0.600000024 2.4000001 0.800000012
v 0.600000024 2.5999999 0.800000012
v 0.400000006 2.5999999 0.800000012
v 0.600000024 2.79999995 0.800000012
v 0.400000006 2.79999995 0.800000012
v 0.200000003 2.79999995 0.800000012
v 0 2.79999995 0.800000012
v 0.600000024 1.60000002 0.800000012
v 0.400000006 1.60000002 0.800000012
v 0.200000003 1.79999995 0.800000012
v 0.600000024 1.39999998 0.800000012
v 0.400000006 1.39999998 0.800000012
v 0.200000003 1.60000002 0.800000012
v 0 1.79999995 0.800000012
v 0.200000003 1.39999998 0.800000012
v 0 1.60000002 0.800000012
v 0.600000024 1.20000005 0.800000012
v 0 1.39999998 0.800000012
v -0.200000003 1.79999995 0.800000012
v -0.200000003 1.60000002 0.800000012
v -0.200000003 1.39999998 0.800000012
v -0.400000006 1.60000002 0.800000012
v -0.400000006 1.79999995 0.800000012
v -0.200000003 2 0.800000012
v -0.400000006 2 0.800000012
v -0.600000024 1.79999995 0.800000012
v -0.600000024 2 0.800000012
v -0.600000024 2.20000005 0.800000012
v -0.600000024 1.60000002 0.800000012
v -0.600000024 1.39999998 0.800000012
v -0.400000006 1.39999998 0.800000012
v -0.600000024 1.20000005 0.800000012
v 0.600000024 1.20000005 0.600000024
v 0.600000024 1.20000005 0.400000006
v 0.600000024 1.20000005 0.200000003
v 0.600000024 1.20000005 2.66453536e-16
v 0.600000024 1.20000005 -0.200000003
v 0.600000024 1.20000005 -0.600000024
v 0.600000024 1.20000005 -0.400000006
v -0.600000024 1.20000005 -0.600000024
v -0.600000024 1.20000005 -0.400000006
v -0.600000024 1.20000005 -0.200000003
v -0.600000024 1.20000005 2.66453536e-16
v -0.600000024 1.20000005 0.200000003
v -0.600000024 1.20000005 0.600000024
v -0.600000024 1.20000005 0.400000006
v -0.600000024 2.79999995 0.600000024
v -0.400000006 2.79999995 0.600000024
v -0.400000006 2.79999995 0.400000006
v -0.600000024 2.79999995 0.400000006
v -0.600000024 2.79999995 0.200000003
v -0.400000006 2.79999995 0.200000003
v -0.200000003 2.79999995 0.200000003
v -0.200000003 2.79999995 0.400000006
v -0.400000006 2.79999995 6.21724883e-16
v -0.200000003 2.79999995 6.21724883e-16
v -0.600000024 2.79999995 6.21724883e-16
v -0.200000003 2.79999995 -0.200000003
v -0.400000006 2.79999995 -0.200000003
v 0 2.79999995 6.21724883e-16
v 0 2.79999995 -0.200000003
v 0 2.79999995 -0.400000006
v -0.200000003 2.79999995 -0.400000006
v -0.400000006 2.79999995 -0.400000006
v -0.600000024 2.79999995 -0.200000003
v -0.200000003 2.79999995 -0.600000024
v 0 2.79999995 -0.600000024
v 0.200000003 2.79999995 -0.600000024
v 0.200000003 2.79999995 -0.400000006
v -0.400000006 2.79999995 -0.600000024
v -0.600000024 2.79999995 -0.600000024
v -0.600000024 2.79999995 -0.400000006
v 0.400000006 2.79999995 -0.600000024
v 0.400000006 2.79999995 -0.400000006
v 0.200000003 2.79999995 -0.200000003
v 0.600000024 2.79999995 -0.600000024
v 0.600000024 2.79999995 -0.400000006
v 0.400000006 2.79999995 -0.200000003
v 0.200000003 2.79999995 6.21724883e-16
v 0.600000024 2.79999995 -0.200000003
v 0.400000006 2.79999995 6.21724883e-16
v 0.600000024 2.79999995 6.21724883e-16
v 0.200000003 2.79999995 0.200000003
v 0.400000006 2.79999995 0.200000003
v 0.600000024 2.79999995 0.200000003
v 0.400000006 2.79999995 0.400000006
v 0.200000003 2.79999995 0.400000006
v 0 2.79999995 0.200000003
v 0 2.79999995 0.400000006
v 0.200000003 2.79999995 0.600000024
v 0 2.79999995 0.600000024
v -0.200000003 2.79999995 0.600000024
v 0.400000006 2.79999995 0.600000024
v 0.600000024 2.79999995 0.600000024
v 0.600000024 2.79999995 0.400000006
v -0.400000006 1 -1.39999998
v -0.400000006 1.20000005 -1.39999998
v -0.400000006 1.20000005 -1.60000002
v -0.400000006 1 -1.60000002
v -0.400000006 0.800000012 -1.39999998
v -0.400000006 0.800000012 -1.20000005
v -0.400000006 1 -1.20000005
v -0.400000006 1.20000005 -1.20000005
v -0.400000006 0.800000012 -1
v -0.400000006 1 -1
v -0.400000006 0.600000024 -1
v -0.400000006 0.600000024 -1.20000005
v -0.400000006 1.20000005 -1
v -0.400000006 0.400000006 -1
v -0.400000006 0.400000006 -1.20000005
v -0.400000006 0.200000003 -1
v -0.400000006 0.200000003 -1.20000005
v -0.400000006 2.22044605e-16 -1
v -0.400000006 0.600000024 -1.39999998
v -0.400000006 0.400000006 -1.39999998
v -0.400000006 0.200000003 -1.39999998
v -0.400000006 2.66453536e-16 -1.20000005
v -0.400000006 -0.200000003 -1
v -0.400000006 3.10862442e-16 -1.39999998
v -0.400000006 -0.200000003 -1.20000005
v -0.400000006 0.200000003 -1.60000002
v -0.400000006 0.400000006 -1.60000002
v -0.400000006 -0.200000003 -1.39999998
v -0.400000006 3.55271373e-16 -1.60000002
v -0.400000006 -0.400000006 -1
v -0.400000006 -0.400000006 -1.20000005
v -0.400000006 -0.400000006 -1.39999998
v -0.400000006 -0.200000003 -1.60000002
v -0.400000006 -0.600000024 -1
v -0.400000006 -0.600000024 -1.20000005
v -0.400000006 -0.800000012 -1
v -0.400000006 -0.600000024 -1.39999998
v -0.400000006 -0.800000012 -1.20000005
v -0.400000006 -1 -1
v -0.400000006 -0.800000012 -1.39999998
v -0.400000006 -1 -1.20000005
v -0.400000006 -0.600000024 -1.60000002
v -0.400000006 -0.400000006 -1.60000002
v -0.400000006 -1 -1.39999998
v -0.400000006 -0.800000012 -1.60000002
v -0.400000006 -1.20000005 -1
v -0.400000006 -1.20000005 -1.20000005
v -0.400000006 -1.20000005 -1.39999998
v -0.400000006 -1 -1.60000002
v -0.400000006 -1.20000005 -1.60000002
v -0.400000006 0.600000024 -1.60000002
v -0.400000006 0.800000012 -1.60000002
v 0.200000003 1 -1.60000002
v 0.200000003 1.20000005 -1.60000002
v 0.400000006 1.20000005 -1.60000002
v 0.400000006 1 -1.60000002
v 0.200000003 0.800000012 -1.60000002
v 0 0.800000012 -1.60000002
v 0 1 -1.60000002
v 0 1.20000005 -1.60000002
v -0.200000003 0.800000012 -1.60000002
v -0.200000003 1 -1.60000002
v -0.200000003 0.600000024 -1.60000002
v 0 0.600000024 -1.60000002
v -0.200000003 1.20000005 -1.60000002
v -0.200000003 0.400000006 -1.60000002
v 0 0.400000006 -1.60000002
v -0.200000003 0.200000003 -1.60000002
v 0 0.200000003 -1.60000002
v -0.200000003 3.55271373e-16 -1.60000002
v 0.200000003 0.600000024 -1.60000002
v 0.200000003 0.400000006 -1.60000002
v 0.200000003 0.200000003 -1.60000002
v 0 3.55271373e-16 -1.60000002
v -0.200000003 -0.200000003 -1.60000002
v 0.200000003 3.55271373e-16 -1.60000002
v 0 -0.200000003 -1.60000002
v 0.400000006 0.200000003 -1.60000002
v 0.400000006 0.400000006 -1.60000002
v 0.200000003 -0.200000003 -1.60000002
v 0.400000006 3.55271373e-16 -1.60000002
v -0.200000003 -0.400000006 -1.60000002
v 0 -0.400000006 -1.60000002
v 0.200000003 -0.400000006 -1.60000002
v 0.400000006 -0.200000003 -1.60000002
v -0.200000003 -0.600000024 -1.60000002
v 0 -0.600000024 -1.60000002
v -0.200000003 -0.800000012 -1.60000002
v 0.200000003 -0.600000024 -1.60000002
v 0 -0.800000012 -1.60000002
v -0.200000003 -1 -1.60000002
v 0.200000003 -0.800000012 -1.60000002
v 0 -1 -1.60000002
v 0.400000006 -0.600000024 -1.60000002
v 0.400000006 -0.400000006 -1.60000002
v 0.200000003 -1 -1.60000002
v 0.400000006 -0.800000012 -1.60000002
v -0.200000003 -1.20000005 -1.60000002
v 0 -1.20000005 -1.60000002
v 0.200000003 -1.20000005 -1.60000002
v 0.400000006 -1 -1.60000002
v 0.400000006 -1.20000005 -1.60000002
v 0.400000006 0.600000024 -1.60000002
v 0.400000006 0.800000012 -1.60000002
v 0.400000006 1 -1
v 0.400000006 1.20000005 -1
v 0.400000006 0.800000012 -1
v 0.400000006 0.800000012 -1.20000005
v 0.400000006 1 -1.20000005
v 0.400000006 1.20000005 -1.20000005
v 0.400000006 0.800000012 -1.39999998
v 0.400000006 1 -1.39999998
v 0.400000006 0.600000024 -1.39999998
v 0.400000006 0.600000024 -1.20000005
v 0.400000006 1.20000005 -1.39999998
v 0.400000006 0.400000006 -1.39999998
v 0.400000006 0.400000006 -1.20000005
v 0.400000006 0.200000003 -1.39999998
v 0.400000006 0.200000003 -1.20000005
v 0.400000006 3.10862442e-16 -1.39999998
v 0.400000006 0.600000024 -1
v 0.400000006 0.400000006 -1
v 0.400000006 0.200000003 -1
v 0.400000006 2.66453536e-16 -1.20000005
v 0.400000006 -0.200000003 -1.39999998
v 0.400000006 2.22044605e-16 -1
v 0.400000006 -0.200000003 -1.20000005
v 0.400000006 -0.200000003 -1
v 0.400000006 -0.400000006 -1.39999998
v 0.400000006 -0.400000006 -1.20000005
v 0.400000006 -0.400000006 -1
v 0.400000006 -0.600000024 -1.39999998
v 0.400000006 -0.600000024 -1.20000005
v 0.400000006 -0.800000012 -1.39999998
v 0.400000006 -0.600000024 -1
v 0.400000006 -0.800000012 -1.20000005
v 0.400000006 -1 -1.39999998
v 0.400000006 -0.800000012 -1
v 0.400000006 -1 -1.20000005
v 0.400000006 -1 -1
v 0.400000006 -1.20000005 -1.39999998
v 0.400000006 -1.20000005 -1.20000005
v 0.400000006 -1.20000005 -1
v 0.200000003 -1.20000005 -1
v 0.200000003 -1.20000005 -1.20000005
v 0 -1.20000005 -1.20000005
v 0 -1.20000005 -1
v 0.200000003 -1.20000005 -1.39999998
v 0 -1.20000005 -1.39999998
v -0.200000003 -1.20000005 -1.20000005
v -0.200000003 -1.20000005 -1.39999998
v -0.200000003 -1.20000005 -1
v -0.200000003 1.20000005 -1
v -0.200000003 1.20000005 -1.20000005
v 0 1.20000005 -1.20000005
v 0 1.20000005 -1
v -0.200000003 1.20000005 -1.39999998
v 0 1.20000005 -1.39999998
v 0.200000003 1.20000005 -1.20000005
v 0.200000003 1.20000005 -1.39999998
v 0.200000003 1.20000005 -1
v -0.400000006 1 1
v -0.400000006 1.20000005 1
v -0.400000006 0.800000012 1
v -0.400000006 0.800000012 1.20000005
v -0.400000006 1 1.20000005
v -0.400000006 1.20000005 1.20000005
v -0.400000006 0.800000012 1.39999998
v -0.400000006 1 1.39999998
v -0.400000006 0.600000024 1.39999998
v -0.400000006 0.600000024 1.20000005
v -0.400000006 0.800000012 1.60000002
v -0.400000006 0.600000024 1.60000002
v -0.400000006 1 1.60000002
v -0.400000006 1.20000005 1.39999998
v -0.400000006 1.20000005 1.60000002
v -0.400000006 0.400000006 1.60000002
v -0.400000006 0.400000006 1.39999998
v -0.400000006 0.200000003 1.60000002
v -0.400000006 0.400000006 1.20000005
v -0.400000006 0.200000003 1.39999998
v -0.400000006 -3.55271373e-16 1.60000002
v -0.400000006 0.200000003 1.20000005
v -0.400000006 -3.10862442e-16 1.39999998
v -0.400000006 0.600000024 1
v -0.400000006 0.400000006 1
v -0.400000006 0.200000003 1
v -0.400000006 -2.66453536e-16 1.20000005
v -0.400000006 -0.200000003 1.60000002
v -0.400000006 -0.200000003 1.39999998
v -0.400000006 -2.22044605e-16 1
v -0.400000006 -0.200000003 1.20000005
v -0.400000006 -0.200000003 1
v -0.400000006 -0.400000006 1.39999998
v -0.400000006 -0.400000006 1.20000005
v -0.400000006 -0.400000006 1
v -0.400000006 -0.600000024 1.39999998
v -0.400000006 -0.600000024 1.20000005
v -0.400000006 -0.400000006 1.60000002
v -0.400000006 -0.600000024 1.60000002
v -0.400000006 -0.800000012 1.60000002
v -0.400000006 -0.800000012 1.39999998
v -0.400000006 -0.600000024 1
v -0.400000006 -0.800000012 1.20000005
v -0.400000006 -1 1.60000002
v -0.400000006 -1 1.39999998
v -0.400000006 -0.800000012 1
v -0.400000006 -1 1.20000005
v -0.400000006 -1 1
v -0.400000006 -1.20000005 1.39999998
v -0.400000006 -1.20000005 1.20000005
v -0.400000006 -1.20000005 1
v -0.400000006 -1.20000005 1.60000002
v 0.400000006 1 1.39999998
v 0.400000006 1.20000005 1.39999998
v 0.400000006 1.20000005 1.60000002
v 0.400000006 1 1.60000002
v 0.400000006 0.800000012 1.39999998
v 0.400000006 0.800000012 1.20000005
v 0.400000006 1 1.20000005
v 0.400000006 1.20000005 1.20000005
v 0.400000006 0.800000012 1
v 0.400000006 1 1
v 0.400000006 0.600000024 1
v 0.400000006 0.600000024 1.20000005
v 0.400000006 1.20000005 1
v 0.400000006 0.400000006 1
v 0.400000006 0.400000006 1.20000005
v 0.400000006 0.200000003 1
v 0.400000006 0.200000003 1.20000005
v 0.400000006 -2.22044605e-16 1
v 0.400000006 0.600000024 1.39999998
v 0.400000006 0.400000006 1.39999998
v 0.400000006 0.200000003 1.39999998
v 0.400000006 -2.66453536e-16 1.20000005
v 0.400000006 -0.200000003 1
v 0.400000006 -3.10862442e-16 1.39999998
v 0.400000006 -0.200000003 1.20000005
v 0.400000006 0.200000003 1.60000002
v 0.400000006 0.400000006 1.60000002
v 0.400000006 -0.200000003 1.39999998
v 0.400000006 -3.55271373e-16 1.60000002
v 0.400000006 -0.400000006 1
v 0.400000006 -0.400000006 1.20000005
v 0.400000006 -0.400000006 1.39999998
v 0.400000006 -0.200000003 1.60000002
v 0.400000006 -0.600000024 1
v 0.400000006 -0.600000024 1.20000005
v 0.400000006 -0.800000012 1
v 0.400000006 -0.600000024 1.39999998
v 0.400000006 -0.800000012 1.20000005
v 0.400000006 -1 1
v 0.400000006 -0.800000012 1.39999998
v 0.400000006 -1 1.20000005
v 0.400000006 -0.600000024 1.60000002
v 0.400000006 -0.400000006 1.60000002
v 0.400000006 -1 1.39999998
v 0.400000006 -0.800000012 1.60000002
v 0.400000006 -1.20000005 1
v 0.400000006 -1.20000005 1.20000005
v 0.400000006 -1.20000005 1.39999998
v 0.400000006 -1 1.60000002
v 0.400000006 -1.20000005 1.60000002
v 0.400000006 0.600000024 1.60000002
v 0.400000006 0.800000012 1.60000002
v -0.200000003 1 1.60000002
v -0.200000003 1.20000005 1.60000002
v -0.200000003 0.800000012 1.60000002
v 0 0.800000012 1.60000002
v 0 1 1.60000002
v 0 1.20000005 1.60000002
v 0.200000003 0.800000012 1.60000002
v 0.200000003 1 1.60000002
v 0.200000003 0.600000024 1.60000002
v 0 0.600000024 1.60000002
v 0.200000003 1.20000005 1.60000002
v 0.200000003 0.400000006 1.60000002
v 0 0.400000006 1.60000002
v 0.200000003 0.200000003 1.60000002
v 0 0.200000003 1.60000002
v 0.200000003 -3.55271373e-16 1.60000002
v -0.200000003 0.600000024 1.60000002
v -0.200000003 0.400000006 1.60000002
v -0.200000003 0.200000003 1.60000002
v 0 -3.55271373e-16 1.60000002
v 0.200000003 -0.200000003 1.60000002
v -0.200000003 -3.55271373e-16 1.60000002
v 0 -0.200000003 1.60000002
v -0.200000003 -0.200000003 1.60000002
v 0.200000003 -0.400000006 1.60000002
v 0 -0.400000006 1.60000002
v -0.200000003 -0.400000006 1.60000002
v 0.200000003 -0.600000024 1.60000002
v 0 -0.600000024 1.60000002
v 0.200000003 -0.800000012 1.60000002
v -0.200000003 -0.600000024 1.60000002
v 0 -0.800000012 1.60000002
v 0.200000003 -1 1.60000002
v -0.200000003 -0.800000012 1.60000002
v 0 -1 1.60000002
v -0.200000003 -1 1.60000002
v 0.200000003 -1.20000005 1.60000002
v 0 -1.20000005 1.60000002
v -0.200000003 -1.20000005 1.60000002
v 0.200000003 -1.20000005 1.39999998
v 0.200000003 -1.20000005 1.20000005
v 0 -1.20000005 1.20000005
v 0 -1.20000005 1.39999998
v 0.200000003 -1.20000005 1
v 0 -1.20000005 1
v -0.200000003 -1.20000005 1.20000005
v -0.200000003 -1.20000005 1
v -0.200000003 -1.20000005 1.39999998
v -0.200000003 1.20000005 1.39999998
v -0.200000003 1.20000005 1.20000005
v 0 1.20000005 1.20000005
v 0 1.20000005 1.39999998
v -0.200000003 1.20000005 1
v 0 1.20000005 1
v 0.200000003 1.20000005 1.20000005
v 0.200000003 1.20000005 1
v 0.200000003 1.20000005 1.39999998
v -0.400000006 -1.39999998 -0.600000024
v -0.400000006 -1.39999998 -0.800000012
v -0.400000006 -1.60000002 -0.600000024
v -0.400000006 -1.60000002 -0.400000006
v -0.400000006 -1.39999998 -0.400000006
v -0.400000006 -1.60000002 -0.200000003
v -0.400000006 -1.39999998 -0.200000003
v -0.400000006 -1.79999995 -0.200000003
v -0.400000006 -1.79999995 -0.400000006
v -0.400000006 -1.60000002 -3.55271373e-16
v -0.400000006 -1.79999995 -3.99680278e-16
v -0.400000006 -1.39999998 -3.10862442e-16
v -0.400000006 -2 -4.4408921e-16
v -0.400000006 -2 -0.200000003
v -0.400000006 -2.20000005 -4.88498141e-16
v -0.400000006 -2 -0.400000006
v -0.400000006 -2.20000005 -0.200000003
v -0.400000006 -2.4000001 -5.32907073e-16
v -0.400000006 -2.20000005 -0.400000006
v -0.400000006 -2.4000001 -0.200000003
v -0.400000006 -1.79999995 -0.600000024
v -0.400000006 -2 -0.600000024
v -0.400000006 -2.20000005 -0.600000024
v -0.400000006 -2.4000001 -0.400000006
v -0.400000006 -2.5999999 -5.77315952e-16
v -0.400000006 -2.5999999 -0.200000003
v -0.400000006 -2.4000001 -0.600000024
v -0.400000006 -2.5999999 -0.400000006
v -0.400000006 -2.20000005 -0.800000012
v -0.400000006 -2 -0.800000012
v -0.400000006 -2.5999999 -0.600000024
v -0.400000006 -2.4000001 -0.800000012
v -0.400000006 -2.79999995 -0.200000003
v -0.400000006 -2.79999995 -0.400000006
v -0.400000006 -2.79999995 -0.600000024
v -0.400000006 -2.5999999 -0.800000012
v -0.400000006 -3 -0.200000003
v -0.400000006 -3 -0.400000006
v -0.400000006 -2.79999995 -6.21724883e-16
v -0.400000006 -3 -6.66133815e-16
v -0.400000006 -3.20000005 -7.10542746e-16
v -0.400000006 -3.20000005 -0.200000003
v -0.400000006 -3 -0.600000024
v -0.400000006 -3.20000005 -0.400000006
v -0.400000006 -3.4000001 -7.54951678e-16
v -0.400000006 -3.4000001 -0.200000003
v -0.400000006 -3.20000005 -0.600000024
v -0.400000006 -3.4000001 -0.400000006
v -0.400000006 -3 -0.800000012
v -0.400000006 -2.79999995 -0.800000012
v -0.400000006 -3.4000001 -0.600000024
v -0.400000006 -3.20000005 -0.800000012
v -0.400000006 -3.5999999 -0.200000003
v -0.400000006 -3.5999999 -0.400000006
v -0.400000006 -3.5999999 -0.600000024
v -0.400000006 -3.4000001 -0.800000012
v -0.400000006 -3.5999999 -0.800000012
v -0.400000006 -3.5999999 -7.99360557e-16
v -0.400000006 -1.79999995 -0.800000012
v -0.400000006 -1.60000002 -0.800000012
v 0.200000003 -1.39999998 -0.800000012
v 0.400000006 -1.39999998 -0.800000012
v 0.200000003 -1.60000002 -0.800000012
v 0 -1.60000002 -0.800000012
v 0 -1.39999998 -0.800000012
v -0.200000003 -1.60000002 -0.800000012
v -0.200000003 -1.39999998 -0.800000012
v -0.200000003 -1.79999995 -0.800000012
v 0 -1.79999995 -0.800000012
v -0.200000003 -2 -0.800000012
v 0 -2 -0.800000012
v -0.200000003 -2.20000005 -0.800000012
v 0 -2.20000005 -0.800000012
v -0.200000003 -2.4000001 -0.800000012
v 0.200000003 -1.79999995 -0.800000012
v 0.200000003 -2 -0.800000012
v 0.200000003 -2.20000005 -0.800000012
v 0 -2.4000001 -0.800000012
v -0.200000003 -2.5999999 -0.800000012
v 0.200000003 -2.4000001 -0.800000012
v 0 -2.5999999 -0.800000012
v 0.400000006 -2.20000005 -0.800000012
v 0.400000006 -2 -0.800000012
v 0.200000003 -2.5999999 -0.800000012
v 0.400000006 -2.4000001 -0.800000012
v -0.200000003 -2.79999995 -0.800000012
v 0 -2.79999995 -0.800000012
v 0.200000003 -2.79999995 -0.800000012
v 0.400000006 -2.5999999 -0.800000012
v -0.200000003 -3 -0.800000012
v 0 -3 -0.800000012
v -0.200000003 -3.20000005 -0.800000012
v 0.200000003 -3 -0.800000012
v 0 -3.20000005 -0.800000012
v -0.200000003 -3.4000001 -0.800000012
v 0.200000003 -3.20000005 -0.800000012
v 0 -3.4000001 -0.800000012
v 0.400000006 -3 -0.800000012
v 0.400000006 -2.79999995 -0.800000012
v 0.200000003 -3.4000001 -0.800000012
v 0.400000006 -3.20000005 -0.800000012
v -0.200000003 -3.5999999 -0.800000012
v 0 -3.5999999 -0.800000012
v 0.200000003 -3.5999999 -0.800000012
v 0.400000006 -3.4000001 -0.800000012
v 0.400000006 -3.5999999 -0.800000012
v 0.400000006 -1.79999995 -0.800000012
v 0.400000006 -1.60000002 -0.800000012
v 0.400000006 -1.39999998 -0.200000003
v 0.400000006 -1.39999998 -3.10862442e-16
v 0.400000006 -1.60000002 -0.200000003
v 0.400000006 -1.60000002 -0.400000006
v 0.400000006 -1.39999998 -0.400000006
v 0.400000006 -1.60000002 -0.600000024
v 0.400000006 -1.39999998 -0.600000024
v 0.400000006 -1.79999995 -0.600000024
v 0.400000006 -1.79999995 -0.400000006
v 0.400000006 -2 -0.600000024
v 0.400000006 -2 -0.400000006
v 0.400000006 -2.20000005 -0.600000024
v 0.400000006 -2.20000005 -0.400000006
v 0.400000006 -2.4000001 -0.600000024
v 0.400000006 -1.79999995 -0.200000003
v 0.400000006 -2 -0.200000003
v 0.400000006 -2.20000005 -0.200000003
v 0.400000006 -2.4000001 -0.400000006
v 0.400000006 -2.5999999 -0.600000024
v 0.400000006 -2.4000001 -0.200000003
v 0.400000006 -2.5999999 -0.400000006
v 0.400000006 -2.20000005 -4.88498141e-16
v 0.400000006 -2 -4.4408921e-16
v 0.400000006 -2.5999999 -0.200000003
v 0.400000006 -2.4000001 -5.32907073e-16
v 0.400000006 -2.79999995 -0.600000024
v 0.400000006 -2.79999995 -0.400000006
v 0.400000006 -2.79999995 -0.200000003
v 0.400000006 -2.5999999 -5.77315952e-16
v 0.400000006 -3 -0.600000024
v 0.400000006 -3 -0.400000006
v 0.400000006 -3.20000005 -0.600000024
v 0.400000006 -3 -0.200000003
v 0.400000006 -3.20000005 -0.400000006
v 0.400000006 -3.4000001 -0.600000024
v 0.400000006 -3.20000005 -0.200000003
v 0.400000006 -3.4000001 -0.400000006
v 0.400000006 -3 -6.66133815e-16
v 0.400000006 -2.79999995 -6.21724883e-16
v 0.400000006 -3.4000001 -0.200000003
v 0.400000006 -3.20000005 -7.10542746e-16
v 0.400000006 -3.5999999 -0.600000024
v 0.400000006 -3.5999999 -0.400000006
v 0.400000006 -3.5999999 -0.200000003
v 0.400000006 -3.4000001 -7.54951678e-16
v 0.400000006 -3.5999999 -7.99360557e-16
v 0.400000006 -1.79999995 -3.99680278e-16
v 0.400000006 -1.60000002 -3.55271373e-16
v -0.200000003 -1.39999998 -3.10862442e-16
v -0.200000003 -1.60000002 -3.55271373e-16
v 0 -1.60000002 -3.55271373e-16
v 0 -1.39999998 -3.10862442e-16
v 0.200000003 -1.60000002 -3.55271373e-16
v 0.200000003 -1.39999998 -3.10862442e-16
v 0.200000003 -1.79999995 -3.99680278e-16
v 0 -1.79999995 -3.99680278e-16
v 0.200000003 -2 -4.4408921e-16
v 0 -2 -4.4408921e-16
v 0.200000003 -2.20000005 -4.88498141e-16
v 0 -2.20000005 -4.88498141e-16
v 0.200000003 -2.4000001 -5.32907073e-16
v -0.200000003 -1.79999995 -3.99680278e-16
v -0.200000003 -2 -4.4408921e-16
v -0.200000003 -2.20000005 -4.88498141e-16
v 0 -2.4000001 -5.32907073e-16
v 0.200000003 -2.5999999 -5.77315952e-16
v -0.200000003 -2.4000001 -5.32907073e-16
v 0 -2.5999999 -5.77315952e-16
v -0.200000003 -2.5999999 -5.77315952e-16
v 0.200000003 -2.79999995 -6.21724883e-16
v 0 -2.79999995 -6.21724883e-16
v -0.200000003 -2.79999995 -6.21724883e-16
v 0.200000003 -3 -6.66133815e-16
v 0 -3 -6.66133815e-16
v 0.200000003 -3.20000005 -7.10542746e-16
v -0.200000003 -3 -6.66133815e-16
v 0 -3.20000005 -7.10542746e-16
v 0.200000003 -3.4000001 -7.54951678e-16
v -0.200000003 -3.20000005 -7.10542746e-16
v 0 -3.4000001 -7.54951678e-16
v -0.200000003 -3.4000001 -7.54951678e-16
v 0.200000003 -3.5999999 -7.99360557e-16
v 0 -3.5999999 -7.99360557e-16
v -0.200000003 -3.5999999 -7.99360557e-16
v 0.200000003 -3.5999999 -0.200000003
v 0.200000003 -3.5999999 -0.400000006
v 0 -3.5999999 -0.400000006
v 0 -3.5999999 -0.200000003
v 0.200000003 -3.5999999 -0.600000024
v 0 -3.5999999 -0.600000024
v -0.200000003 -3.5999999 -0.400000006
v -0.200000003 -3.5999999 -0.600000024
v -0.200000003 -3.5999999 -0.200000003
v -0.400000006 -1.39999998 0.200000003
v -0.400000006 -1.60000002 0.200000003
v -0.400000006 -1.60000002 0.400000006
v -0.400000006 -1.39999998 0.400000006
v -0.400000006 -1.60000002 0.600000024
v -0.400000006 -1.39999998 0.600000024
v -0.400000006 -1.79999995 0.600000024
v -0.400000006 -1.79999995 0.400000006
v -0.400000006 -1.60000002 0.800000012
v -0.400000006 -1.79999995 0.800000012
v -0.400000006 -1.39999998 0.800000012
v -0.400000006 -2 0.800000012
v -0.400000006 -2 0.600000024
v -0.400000006 -2.20000005 0.800000012
v -0.400000006 -2 0.400000006
v -0.400000006 -2.20000005 0.600000024
v -0.400000006 -2.4000001 0.800000012
v -0.400000006 -2.20000005 0.400000006
v -0.400000006 -2.4000001 0.600000024
v -0.400000006 -1.79999995 0.200000003
v -0.400000006 -2 0.200000003
v -0.400000006 -2.20000005 0.200000003
v -0.400000006 -2.4000001 0.400000006
v -0.400000006 -2.5999999 0.800000012
v -0.400000006 -2.5999999 0.600000024
v -0.400000006 -2.4000001 0.200000003
v -0.400000006 -2.5999999 0.400000006
v -0.400000006 -2.5999999 0.200000003
v -0.400000006 -2.79999995 0.600000024
v -0.400000006 -2.79999995 0.400000006
v -0.400000006 -2.79999995 0.200000003
v -0.400000006 -3 0.600000024
v -0.400000006 -3 0.400000006
v -0.400000006 -2.79999995 0.800000012
v -0.400000006 -3 0.800000012
v -0.400000006 -3.20000005 0.800000012
v -0.400000006 -3.20000005 0.600000024
v -0.400000006 -3 0.200000003
v -0.400000006 -3.20000005 0.400000006
v -0.400000006 -3.4000001 0.800000012
v -0.400000006 -3.4000001 0.600000024
v -0.400000006 -3.20000005 0.200000003
v -0.400000006 -3.4000001 0.400000006
v -0.400000006 -3.4000001 0.200000003
v -0.400000006 -3.5999999 0.600000024
v -0.400000006 -3.5999999 0.400000006
v -0.400000006 -3.5999999 0.200000003
v -0.400000006 -3.5999999 0.800000012
v 0.400000006 -1.39999998 0.600000024
v 0.400000006 -1.39999998 0.800000012
v 0.400000006 -1.60000002 0.600000024
v 0.400000006 -1.60000002 0.400000006
v 0.400000006 -1.39999998 0.400000006
v 0.400000006 -1.60000002 0.200000003
v 0.400000006 -1.39999998 0.200000003
v 0.400000006 -1.79999995 0.200000003
v 0.400000006 -1.79999995 0.400000006
v 0.400000006 -2 0.200000003
v 0.400000006 -2 0.400000006
v 0.400000006 -2.20000005 0.200000003
v 0.400000006 -2.20000005 0.400000006
v 0.400000006 -2.4000001 0.200000003
v 0.400000006 -1.79999995 0.600000024
v 0.400000006 -2 0.600000024
v 0.400000006 -2.20000005 0.600000024
v 0.400000006 -2.4000001 0.400000006
v 0.400000006 -2.5999999 0.200000003
v 0.400000006 -2.4000001 0.600000024
v 0.400000006 -2.5999999 0.400000006
v 0.400000006 -2.20000005 0.800000012
v 0.400000006 -2 0.800000012
v 0.400000006 -2.5999999 0.600000024
v 0.400000006 -2.4000001 0.800000012
v 0.400000006 -2.79999995 0.200000003
v 0.400000006 -2.79999995 0.400000006
v 0.400000006 -2.79999995 0.600000024
v 0.400000006 -2.5999999 0.800000012
v 0.400000006 -3 0.200000003
v 0.400000006 -3 0.400000006
v 0.400000006 -3.20000005 0.200000003
v 0.400000006 -3 0.600000024
v 0.400000006 -3.20000005 0.400000006
v 0.400000006 -3.4000001 0.200000003
v 0.400000006 -3.20000005 0.600000024
v 0.400000006 -3.4000001 0.400000006
v 0.400000006 -3 0.800000012
v 0.400000006 -2.79999995 0.800000012
v 0.400000006 -3.4000001 0.600000024
v 0.400000006 -3.20000005 0.800000012
v 0.400000006 -3.5999999 0.200000003
v 0.400000006 -3.5999999 0.400000006
v 0.400000006 -3.5999999 0.600000024
v 0.400000006 -3.4000001 0.800000012
v 0.400000006 -3.5999999 0.800000012
v 0.400000006 -1.79999995 0.800000012
v 0.400000006 -1.60000002 0.800000012
v -0.200000003 -1.39999998 0.800000012
v -0.200000003 -1.60000002 0.800000012
v 0 -1.60000002 0.800000012
v 0 -1.39999998 0.800000012
v 0.200000003 -1.60000002 0.800000012
v 0.200000003 -1.39999998 0.800000012
v 0.200000003 -1.79999995 0.800000012
v 0 -1.79999995 0.800000012
v 0.200000003 -2 0.800000012
v 0 -2 0.800000012
v 0.200000003 -2.20000005 0.800000012
v 0 -2.20000005 0.800000012
v 0.200000003 -2.4000001 0.800000012
v -0.200000003 -1.79999995 0.800000012
v -0.200000003 -2 0.800000012
v -0.200000003 -2.20000005 0.800000012
v 0 -2.4000001 0.800000012
v 0.200000003 -2.5999999 0.800000012
v -0.200000003 -2.4000001 0.800000012
v 0 -2.5999999 0.800000012
v -0.200000003 -2.5999999 0.800000012
v 0.200000003 -2.79999995 0.800000012
v 0 -2.79999995 0.800000012
v -0.200000003 -2.79999995 0.800000012
v 0.200000003 -3 0.800000012
v 0 -3 0.800000012
v 0.200000003 -3.20000005 0.800000012
v -0.200000003 -3 0.800000012
v 0 -3.20000005 0.800000012
v 0.200000003 -3.4000001 0.800000012
v -0.200000003 -3.20000005 0.800000012
v 0 -3.4000001 0.800000012
v -0.200000003 -3.4000001 0.800000012
v 0.200000003 -3.5999999 0.800000012
v 0 -3.5999999 0.800000012
v -0.200000003 -3.5999999 0.800000012
v 0.200000003 -3.5999999 0.600000024
v 0.200000003 -3.5999999 0.400000006
v 0 -3.5999999 0.400000006
v 0 -3.5999999 0.600000024
v 0.200000003 -3.5999999 0.200000003
v 0 -3.5999999 0.200000003
v -0.200000003 -3.5999999 0.400000006
v -0.200000003 -3.5999999 0.200000003
v -0.200000003 -3.5999999 0.600000024

# 641 UV coordinates
vt 0.604166985 0.78125 0
vt 0.625 0.78125 0
vt 0.625 0.75 0
vt 0.604166985 0.75 0
vt 0.583333015 0.78125 0
vt 0.583333015 0.8125 0
vt 0.604166985 0.8125 0
vt 0.625 0.8125 0
vt 0.604166985 0.84375 0
vt 0.583333015 0.84375 0
vt 0.5625 0.84375 0
vt 0.5625 0.8125 0
vt 0.583333015 0.875 0
vt 0.5625 0.875 0
vt 0.625 0.84375 0
vt 0.604166985 0.875 0
vt 0.5625 0.90625 0
vt 0.583333015 0.90625 0
vt 0.541666985 0.875 0
vt 0.541666985 0.90625 0
vt 0.541666985 0.9375 0
vt 0.5625 0.9375 0
vt 0.604166985 0.90625 0
vt 0.583333015 0.9375 0
vt 0.5625 0.96875 0
vt 0.541666985 0.96875 0
vt 0.520833015 0.96875 0
vt 0.520833015 0.9375 0
vt 0.520833015 1 0
vt 0.541666985 1 0
vt 0.583333015 0.96875 0
vt 0.5625 1 0
vt 0.583333015 1 0
vt 0.604166985 0.96875 0
vt 0.604166985 0.9375 0
vt 0.604166985 1 0
vt 0.625 0.96875 0
vt 0.625 0.9375 0
vt 0.625 0.90625 0
vt 0.625 0.875 0
vt 0.625 1 0
vt 0.5 0.96875 0
vt 0.5 1 0
vt 0.5 0.9375 0
vt 0.520833015 0.90625 0
vt 0.479167014 0.96875 0
vt 0.479167014 0.9375 0
vt 0.5 0.90625 0
vt 0.520833015 0.875 0
vt 0.479167014 0.90625 0
vt 0.5 0.875 0
vt 0.458332986 0.96875 0
vt 0.458332986 0.9375 0
vt 0.479167014 0.875 0
vt 0.458332986 0.90625 0
vt 0.520833015 0.84375 0
vt 0.5 0.84375 0
vt 0.458332986 0.875 0
vt 0.479167014 0.84375 0
vt 0.4375 0.90625 0
vt 0.4375 0.9375 0
vt 0.4375 0.875 0
vt 0.458332986 0.84375 0
vt 0.5 0.8125 0
vt 0.479167014 0.8125 0
vt 0.4375 0.84375 0
vt 0.458332986 0.8125 0
vt 0.416667014 0.875 0
vt 0.416667014 0.90625 0
vt 0.4375 0.8125 0
vt 0.416667014 0.84375 0
vt 0.479167014 0.78125 0
vt 0.458332986 0.78125 0
vt 0.416667014 0.8125 0
vt 0.4375 0.78125 0
vt 0.395832986 0.84375 0
vt 0.395832986 0.875 0
vt 0.395832986 0.8125 0
vt 0.416667014 0.78125 0
vt 0.458332986 0.75 0
vt 0.4375 0.75 0
vt 0.395832986 0.78125 0
vt 0.416667014 0.75 0
vt 0.375 0.84375 0
vt 0.375 0.8125 0
vt 0.395832986 0.75 0
vt 0.375 0.78125 0
vt 0.375 0.75 0
vt 0.375 0.875 0
vt 0.375 0.90625 0
vt 0.395832986 0.90625 0
vt 0.375 0.9375 0
vt 0.395832986 0.9375 0
vt 0.375 0.96875 0
vt 0.395832986 0.96875 0
vt 0.416667014 0.9375 0
vt 0.416667014 0.96875 0
vt 0.375 1 0
vt 0.395832986 1 0
vt 0.416667014 1 0
vt 0.4375 0.96875 0
vt 0.4375 1 0
vt 0.458332986 1 0
vt 0.479167014 1 0
vt 0.479167014 0.75 0
vt 0.5 0.75 0
vt 0.5 0.78125 0
vt 0.520833015 0.75 0
vt 0.520833015 0.78125 0
vt 0.541666985 0.75 0
vt 0.541666985 0.78125 0
vt 0.520833015 0.8125 0
vt 0.541666985 0.8125 0
vt 0.5625 0.78125 0
vt 0.5625 0.75 0
vt 0.541666985 0.84375 0
vt 0.583333015 0.75 0
vt 0.604166985 0.5625 0
vt 0.625 0.5625 0
vt 0.625 0.5 0
vt 0.604166985 0.5 0
vt 0.583333015 0.5625 0
vt 0.583333015 0.625 0
vt 0.604166985 0.625 0
vt 0.625 0.625 0
vt 0.604166985 0.6875 0
vt 0.583333015 0.6875 0
vt 0.5625 0.6875 0
vt 0.5625 0.625 0
vt 0.625 0.6875 0
vt 0.541666985 0.6875 0
vt 0.520833015 0.6875 0
vt 0.541666985 0.625 0
vt 0.520833015 0.625 0
vt 0.5 0.6875 0
vt 0.5625 0.5625 0
vt 0.541666985 0.5625 0
vt 0.5 0.625 0
vt 0.520833015 0.5625 0
vt 0.541666985 0.5 0
vt 0.5625 0.5 0
vt 0.583333015 0.5 0
vt 0.520833015 0.5 0
vt 0.5 0.5625 0
vt 0.5 0.5 0
vt 0.479167014 0.5625 0
vt 0.479167014 0.625 0
vt 0.479167014 0.5 0
vt 0.458332986 0.5625 0
vt 0.458332986 0.625 0
vt 0.479167014 0.6875 0
vt 0.458332986 0.6875 0
vt 0.4375 0.6875 0
vt 0.4375 0.625 0
vt 0.416667014 0.6875 0
vt 0.416667014 0.625 0
vt 0.4375 0.5625 0
vt 0.395832986 0.6875 0
vt 0.395832986 0.625 0
vt 0.416667014 0.5625 0
vt 0.458332986 0.5 0
vt 0.4375 0.5 0
vt 0.416667014 0.5 0
vt 0.395832986 0.5625 0
vt 0.395832986 0.5 0
vt 0.375 0.5625 0
vt 0.375 0.625 0
vt 0.375 0.5 0
vt 0.375 0.6875 0
vt 0.604166985 0.28125 0
vt 0.625 0.28125 0
vt 0.625 0.25 0
vt 0.604166985 0.25 0
vt 0.583333015 0.28125 0
vt 0.583333015 0.3125 0
vt 0.604166985 0.3125 0
vt 0.625 0.3125 0
vt 0.604166985 0.34375 0
vt 0.583333015 0.34375 0
vt 0.5625 0.34375 0
vt 0.5625 0.3125 0
vt 0.583333015 0.375 0
vt 0.5625 0.375 0
vt 0.625 0.34375 0
vt 0.604166985 0.375 0
vt 0.5625 0.40625 0
vt 0.583333015 0.40625 0
vt 0.541666985 0.375 0
vt 0.541666985 0.40625 0
vt 0.541666985 0.4375 0
vt 0.5625 0.4375 0
vt 0.604166985 0.40625 0
vt 0.583333015 0.4375 0
vt 0.5625 0.46875 0
vt 0.541666985 0.46875 0
vt 0.520833015 0.46875 0
vt 0.520833015 0.4375 0
vt 0.583333015 0.46875 0
vt 0.604166985 0.46875 0
vt 0.604166985 0.4375 0
vt 0.625 0.46875 0
vt 0.625 0.4375 0
vt 0.625 0.40625 0
vt 0.625 0.375 0
vt 0.5 0.46875 0
vt 0.5 0.4375 0
vt 0.520833015 0.40625 0
vt 0.479167014 0.46875 0
vt 0.479167014 0.4375 0
vt 0.5 0.40625 0
vt 0.520833015 0.375 0
vt 0.479167014 0.40625 0
vt 0.5 0.375 0
vt 0.458332986 0.46875 0
vt 0.458332986 0.4375 0
vt 0.479167014 0.375 0
vt 0.458332986 0.40625 0
vt 0.520833015 0.34375 0
vt 0.5 0.34375 0
vt 0.458332986 0.375 0
vt 0.479167014 0.34375 0
vt 0.4375 0.40625 0
vt 0.4375 0.4375 0
vt 0.4375 0.375 0
vt 0.458332986 0.34375 0
vt 0.5 0.3125 0
vt 0.479167014 0.3125 0
vt 0.4375 0.34375 0
vt 0.458332986 0.3125 0
vt 0.416667014 0.375 0
vt 0.416667014 0.40625 0
vt 0.4375 0.3125 0
vt 0.416667014 0.34375 0
vt 0.479167014 0.28125 0
vt 0.458332986 0.28125 0
vt 0.416667014 0.3125 0
vt 0.4375 0.28125 0
vt 0.395832986 0.34375 0
vt 0.395832986 0.375 0
vt 0.395832986 0.3125 0
vt 0.416667014 0.28125 0
vt 0.458332986 0.25 0
vt 0.4375 0.25 0
vt 0.395832986 0.28125 0
vt 0.416667014 0.25 0
vt 0.375 0.34375 0
vt 0.375 0.3125 0
vt 0.395832986 0.25 0
vt 0.375 0.28125 0
vt 0.375 0.25 0
vt 0.375 0.375 0
vt 0.375 0.40625 0
vt 0.395832986 0.40625 0
vt 0.375 0.4375 0
vt 0.395832986 0.4375 0
vt 0.375 0.46875 0
vt 0.395832986 0.46875 0
vt 0.416667014 0.4375 0
vt 0.416667014 0.46875 0
vt 0.4375 0.46875 0
vt 0.479167014 0.25 0
vt 0.5 0.25 0
vt 0.5 0.28125 0
vt 0.520833015 0.25 0
vt 0.520833015 0.28125 0
vt 0.541666985 0.25 0
vt 0.541666985 0.28125 0
vt 0.520833015 0.3125 0
vt 0.541666985 0.3125 0
vt 0.5625 0.28125 0
vt 0.5625 0.25 0
vt 0.541666985 0.34375 0
vt 0.583333015 0.25 0
vt 0.604166985 0.0625 0
vt 0.625 0.0625 0
vt 0.625 0 0
vt 0.604166985 0 0
vt 0.583333015 0.0625 0
vt 0.583333015 0.125 0
vt 0.604166985 0.125 0
vt 0.625 0.125 0
vt 0.604166985 0.1875 0
vt 0.583333015 0.1875 0
vt 0.5625 0.1875 0
vt 0.5625 0.125 0
vt 0.625 0.1875 0
vt 0.541666985 0.1875 0
vt 0.520833015 0.1875 0
vt 0.541666985 0.125 0
vt 0.520833015 0.125 0
vt 0.5 0.1875 0
vt 0.5625 0.0625 0
vt 0.541666985 0.0625 0
vt 0.5 0.125 0
vt 0.520833015 0.0625 0
vt 0.541666985 0 0
vt 0.5625 0 0
vt 0.583333015 0 0
vt 0.520833015 0 0
vt 0.5 0.0625 0
vt 0.5 0 0
vt 0.479167014 0.0625 0
vt 0.479167014 0.125 0
vt 0.479167014 0 0
vt 0.458332986 0.0625 0
vt 0.458332986 0.125 0
vt 0.479167014 0.1875 0
vt 0.458332986 0.1875 0
vt 0.4375 0.1875 0
vt 0.4375 0.125 0
vt 0.416667014 0.1875 0
vt 0.416667014 0.125 0
vt 0.4375 0.0625 0
vt 0.395832986 0.1875 0
vt 0.395832986 0.125 0
vt 0.416667014 0.0625 0
vt 0.458332986 0 0
vt 0.4375 0 0
vt 0.416667014 0 0
vt 0.395832986 0.0625 0
vt 0.395832986 0 0
vt 0.375 0.0625 0
vt 0.375 0.125 0
vt 0.375 0 0
vt 0.375 0.1875 0
vt 0.3125 0.28125 0
vt 0.3125 0.25 0
vt 0.25 0.28125 0
vt 0.25 0.3125 0
vt 0.3125 0.3125 0
vt 0.3125 0.34375 0
vt 0.25 0.34375 0
vt 0.1875 0.34375 0
vt 0.1875 0.3125 0
vt 0.25 0.375 0
vt 0.1875 0.375 0
vt 0.3125 0.375 0
vt 0.1875 0.40625 0
vt 0.25 0.40625 0
vt 0.125 0.375 0
vt 0.125 0.40625 0
vt 0.125 0.4375 0
vt 0.1875 0.4375 0
vt 0.3125 0.40625 0
vt 0.25 0.4375 0
vt 0.1875 0.46875 0
vt 0.125 0.46875 0
vt 0.25 0.46875 0
vt 0.3125 0.4375 0
vt 0.3125 0.46875 0
vt 0.25 0.5 0
vt 0.3125 0.5 0
vt 0.1875 0.5 0
vt 0.125 0.5 0
vt 0.125 0.34375 0
vt 0.125 0.3125 0
vt 0.1875 0.28125 0
vt 0.125 0.28125 0
vt 0.25 0.25 0
vt 0.1875 0.25 0
vt 0.125 0.25 0
vt 0.8125 0.28125 0
vt 0.875 0.28125 0
vt 0.875 0.25 0
vt 0.8125 0.25 0
vt 0.75 0.28125 0
vt 0.75 0.3125 0
vt 0.8125 0.3125 0
vt 0.875 0.3125 0
vt 0.8125 0.34375 0
vt 0.75 0.34375 0
vt 0.6875 0.34375 0
vt 0.6875 0.3125 0
vt 0.75 0.375 0
vt 0.6875 0.375 0
vt 0.875 0.34375 0
vt 0.8125 0.375 0
vt 0.6875 0.40625 0
vt 0.75 0.40625 0
vt 0.6875 0.4375 0
vt 0.8125 0.40625 0
vt 0.75 0.4375 0
vt 0.6875 0.46875 0
vt 0.75 0.46875 0
vt 0.8125 0.4375 0
vt 0.875 0.40625 0
vt 0.875 0.375 0
vt 0.8125 0.46875 0
vt 0.875 0.4375 0
vt 0.875 0.46875 0
vt 0.75 0.5 0
vt 0.8125 0.5 0
vt 0.875 0.5 0
vt 0.6875 0.5 0
vt 0.6875 0.28125 0
vt 0.75 0.25 0
vt 0.6875 0.25 0
vt 0.59375 0.78125 0
vt 0.59375 0.75 0
vt 0.59375 0.8125 0
vt 0.59375 0.84375 0
vt 0.53125 0.84375 0
vt 0.53125 0.8125 0
vt 0.53125 0.875 0
vt 0.59375 0.875 0
vt 0.53125 0.90625 0
vt 0.53125 0.9375 0
vt 0.59375 0.90625 0
vt 0.53125 0.96875 0
vt 0.46875 0.96875 0
vt 0.46875 0.9375 0
vt 0.46875 1 0
vt 0.53125 1 0
vt 0.59375 0.96875 0
vt 0.59375 0.9375 0
vt 0.59375 1 0
vt 0.46875 0.90625 0
vt 0.40625 0.96875 0
vt 0.40625 0.9375 0
vt 0.46875 0.875 0
vt 0.40625 0.90625 0
vt 0.40625 0.875 0
vt 0.46875 0.84375 0
vt 0.40625 0.84375 0
vt 0.46875 0.8125 0
vt 0.46875 0.78125 0
vt 0.53125 0.78125 0
vt 0.53125 0.75 0
vt 0.46875 0.75 0
vt 0.40625 0.78125 0
vt 0.40625 0.8125 0
vt 0.40625 0.75 0
vt 0.40625 1 0
vt 0.59375 0.53125 0
vt 0.625 0.53125 0
vt 0.59375 0.5 0
vt 0.5625 0.53125 0
vt 0.59375 0.5625 0
vt 0.59375 0.59375 0
vt 0.5625 0.59375 0
vt 0.53125 0.59375 0
vt 0.53125 0.5625 0
vt 0.53125 0.625 0
vt 0.625 0.59375 0
vt 0.59375 0.625 0
vt 0.53125 0.65625 0
vt 0.5625 0.65625 0
vt 0.5 0.65625 0
vt 0.53125 0.6875 0
vt 0.59375 0.65625 0
vt 0.53125 0.71875 0
vt 0.5 0.71875 0
vt 0.46875 0.71875 0
vt 0.46875 0.6875 0
vt 0.5625 0.71875 0
vt 0.59375 0.71875 0
vt 0.59375 0.6875 0
vt 0.625 0.71875 0
vt 0.625 0.65625 0
vt 0.4375 0.71875 0
vt 0.46875 0.65625 0
vt 0.40625 0.71875 0
vt 0.40625 0.6875 0
vt 0.4375 0.65625 0
vt 0.46875 0.625 0
vt 0.40625 0.65625 0
vt 0.375 0.71875 0
vt 0.40625 0.625 0
vt 0.375 0.65625 0
vt 0.46875 0.59375 0
vt 0.4375 0.59375 0
vt 0.40625 0.59375 0
vt 0.46875 0.5625 0
vt 0.5 0.59375 0
vt 0.46875 0.53125 0
vt 0.5 0.53125 0
vt 0.53125 0.53125 0
vt 0.53125 0.5 0
vt 0.46875 0.5 0
vt 0.4375 0.53125 0
vt 0.40625 0.53125 0
vt 0.40625 0.5625 0
vt 0.375 0.59375 0
vt 0.40625 0.5 0
vt 0.375 0.53125 0
vt 0.59375 0.28125 0
vt 0.59375 0.25 0
vt 0.59375 0.3125 0
vt 0.59375 0.34375 0
vt 0.53125 0.34375 0
vt 0.53125 0.3125 0
vt 0.53125 0.375 0
vt 0.59375 0.375 0
vt 0.53125 0.40625 0
vt 0.53125 0.4375 0
vt 0.59375 0.40625 0
vt 0.53125 0.46875 0
vt 0.46875 0.46875 0
vt 0.46875 0.4375 0
vt 0.59375 0.46875 0
vt 0.59375 0.4375 0
vt 0.46875 0.40625 0
vt 0.40625 0.46875 0
vt 0.40625 0.4375 0
vt 0.46875 0.375 0
vt 0.40625 0.40625 0
vt 0.40625 0.375 0
vt 0.46875 0.34375 0
vt 0.40625 0.34375 0
vt 0.46875 0.3125 0
vt 0.46875 0.28125 0
vt 0.53125 0.28125 0
vt 0.53125 0.25 0
vt 0.46875 0.25 0
vt 0.40625 0.28125 0
vt 0.40625 0.3125 0
vt 0.40625 0.25 0
vt 0.59375 0.03125 0
vt 0.625 0.03125 0
vt 0.59375 0 0
vt 0.5625 0.03125 0
vt 0.59375 0.0625 0
vt 0.59375 0.09375 0
vt 0.5625 0.09375 0
vt 0.53125 0.09375 0
vt 0.53125 0.0625 0
vt 0.53125 0.125 0
vt 0.625 0.09375 0
vt 0.59375 0.125 0
vt 0.53125 0.15625 0
vt 0.5625 0.15625 0
vt 0.5 0.15625 0
vt 0.53125 0.1875 0
vt 0.59375 0.15625 0
vt 0.53125 0.21875 0
vt 0.5 0.21875 0
vt 0.46875 0.21875 0
vt 0.46875 0.1875 0
vt 0.5625 0.21875 0
vt 0.59375 0.21875 0
vt 0.59375 0.1875 0
vt 0.625 0.21875 0
vt 0.625 0.15625 0
vt 0.4375 0.21875 0
vt 0.46875 0.15625 0
vt 0.40625 0.21875 0
vt 0.40625 0.1875 0
vt 0.4375 0.15625 0
vt 0.46875 0.125 0
vt 0.40625 0.15625 0
vt 0.375 0.21875 0
vt 0.40625 0.125 0
vt 0.375 0.15625 0
vt 0.46875 0.09375 0
vt 0.4375 0.09375 0
vt 0.40625 0.09375 0
vt 0.46875 0.0625 0
vt 0.5 0.09375 0
vt 0.46875 0.03125 0
vt 0.5 0.03125 0
vt 0.53125 0.03125 0
vt 0.53125 0 0
vt 0.46875 0 0
vt 0.4375 0.03125 0
vt 0.40625 0.03125 0
vt 0.40625 0.0625 0
vt 0.375 0.09375 0
vt 0.40625 0 0
vt 0.375 0.03125 0
vt 0.34375 0.28125 0
vt 0.34375 0.25 0
vt 0.34375 0.3125 0
vt 0.34375 0.34375 0
vt 0.28125 0.34375 0
vt 0.28125 0.3125 0
vt 0.28125 0.375 0
vt 0.34375 0.375 0
vt 0.28125 0.40625 0
vt 0.28125 0.4375 0
vt 0.34375 0.40625 0
vt 0.28125 0.46875 0
vt 0.21875 0.46875 0
vt 0.21875 0.4375 0
vt 0.21875 0.5 0
vt 0.28125 0.5 0
vt 0.34375 0.46875 0
vt 0.34375 0.4375 0
vt 0.34375 0.5 0
vt 0.21875 0.40625 0
vt 0.15625 0.46875 0
vt 0.15625 0.4375 0
vt 0.21875 0.375 0
vt 0.15625 0.40625 0
vt 0.15625 0.375 0
vt 0.21875 0.34375 0
vt 0.15625 0.34375 0
vt 0.21875 0.3125 0
vt 0.21875 0.28125 0
vt 0.28125 0.28125 0
vt 0.28125 0.25 0
vt 0.21875 0.25 0
vt 0.15625 0.28125 0
vt 0.15625 0.3125 0
vt 0.15625 0.25 0
vt 0.15625 0.5 0
vt 0.84375 0.28125 0
vt 0.84375 0.25 0
vt 0.84375 0.3125 0
vt 0.84375 0.34375 0
vt 0.78125 0.34375 0
vt 0.78125 0.3125 0
vt 0.78125 0.375 0
vt 0.84375 0.375 0
vt 0.78125 0.40625 0
vt 0.78125 0.4375 0
vt 0.84375 0.40625 0
vt 0.78125 0.46875 0
vt 0.71875 0.46875 0
vt 0.71875 0.4375 0
vt 0.71875 0.5 0
vt 0.78125 0.5 0
vt 0.84375 0.46875 0
vt 0.84375 0.4375 0
vt 0.84375 0.5 0
vt 0.71875 0.40625 0
vt 0.65625 0.46875 0
vt 0.65625 0.4375 0
vt 0.71875 0.375 0
vt 0.65625 0.40625 0
vt 0.65625 0.375 0
vt 0.71875 0.34375 0
vt 0.65625 0.34375 0
vt 0.71875 0.3125 0
vt 0.71875 0.28125 0
vt 0.78125 0.28125 0
vt 0.78125 0.25 0
vt 0.71875 0.25 0
vt 0.65625 0.28125 0
vt 0.65625 0.3125 0
vt 0.65625 0.25 0
vt 0.65625 0.5 0

# 6 vertex normals
vn -1 0 0
vn 0 2.22044605e-16 -1
vn 1 0 0
vn 0 -2.22044605e-16 1
vn 0 -1 -2.22044605e-16
vn 0 1 2.22044605e-16

# Mesh 'meshes[0]' with 3264 faces
g meshes[0]
usemtl None
f  1/1/1 2/2/1 3/3/1
f  1/1/1 3/3/1 4/4/1
f  5/5/1 1/1/1 4/4/1
f  6/6/1 7/7/1 1/1/1
f  6/6/1 1/1/1 5/5/1
f  7/7/1 2/2/1 1/1/1
f  7/7/1 8/8/1 2/2/1
f  9/9/1 8/8/1 7/7/1
f  10/10/1 9/9/1 7/7/1
f  10/10/1 7/7/1 6/6/1
f  11/11/1 10/10/1 6/6/1
f  11/11/1 6/6/1 12/12/1
f  12/12/1 6/6/1 5/5/1
f  13/13/1 9/9/1 10/10/1
f  14/14/1 13/13/1 10/10/1
f  14/14/1 10/10/1 11/11/1
f  9/9/1 15/15/1 8/8/1
f  13/13/1 16/16/1 9/9/1
f  16/16/1 15/15/1 9/9/1
f  17/17/1 18/18/1 13/13/1
f  17/17/1 13/13/1 14/14/1
f  18/18/1 16/16/1 13/13/1
f  19/19/1 14/14/1 11/11/1
f  20/20/1 17/17/1 14/14/1
f  20/20/1 14/14/1 19/19/1
f  21/21/1 22/22/1 17/17/1
f  21/21/1 17/17/1 20/20/1
f  22/22/1 18/18/1 17/17/1
f  18/18/1 23/23/1 16/16/1
f  24/24/1 23/23/1 18/18/1
f  22/22/1 24/24/1 18/18/1
f  25/25/1 24/24/1 22/22/1
f  26/26/1 25/25/1 22/22/1
f  26/26/1 22/22/1 21/21/1
f  27/27/1 26/26/1 21/21/1
f  27/27/1 21/21/1 28/28/1
f  28/28/1 21/21/1 20/20/1
f  29/29/1 30/30/1 26/26/1
f  29/29/1 26/26/1 27/27/1
f  30/30/1 25/25/1 26/26/1
f  25/25/1 31/31/1 24/24/1
f  30/30/1 32/32/1 25/25/1
f  32/32/1 31/31/1 25/25/1
f  32/32/1 33/33/1 31/31/1
f  31/31/1 34/34/1 35/35/1
f  31/31/1 35/35/1 24/24/1
f  33/33/1 34/34/1 31/31/1
f  33/33/1 36/36/1 34/34/1
f  34/34/1 37/37/1 38/38/1
f  34/34/1 38/38/1 35/35/1
f  36/36/1 37/37/1 34/34/1
f  24/24/1 35/35/1 23/23/1
f  35/35/1 38/38/1 39/39/1
f  35/35/1 39/39/1 23/23/1
f  23/23/1 39/39/1 40/40/1
f  23/23/1 40/40/1 16/16/1
f  16/16/1 40/40/1 15/15/1
f  36/36/1 41/41/1 37/37/1
f  42/42/1 27/27/1 28/28/1
f  43/43/1 29/29/1 27/27/1
f  43/43/1 27/27/1 42/42/1
f  42/42/1 28/28/1 44/44/1
f  44/44/1 28/28/1 45/45/1
f  28/28/1 20/20/1 45/45/1
f  46/46/1 42/42/1 44/44/1
f  46/46/1 44/44/1 47/47/1
f  44/44/1 45/45/1 48/48/1
f  47/47/1 44/44/1 48/48/1
f  45/45/1 20/20/1 19/19/1
f  45/45/1 19/19/1 49/49/1
f  48/48/1 45/45/1 49/49/1
f  50/50/1 48/48/1 51/51/1
f  48/48/1 49/49/1 51/51/1
f  47/47/1 48/48/1 50/50/1
f  52/52/1 46/46/1 47/47/1
f  52/52/1 47/47/1 53/53/1
f  53/53/1 47/47/1 50/50/1
f  50/50/1 51/51/1 54/54/1
f  55/55/1 50/50/1 54/54/1
f  53/53/1 50/50/1 55/55/1
f  51/51/1 49/49/1 56/56/1
f  51/51/1 56/56/1 57/57/1
f  54/54/1 51/51/1 57/57/1
f  58/58/1 54/54/1 59/59/1
f  54/54/1 57/57/1 59/59/1
f  55/55/1 54/54/1 58/58/1
f  60/60/1 55/55/1 58/58/1
f  61/61/1 53/53/1 55/55/1
f  61/61/1 55/55/1 60/60/1
f  60/60/1 58/58/1 62/62/1
f  62/62/1 58/58/1 63/63/1
f  58/58/1 59/59/1 63/63/1
f  59/59/1 57/57/1 64/64/1
f  59/59/1 64/64/1 65/65/1
f  63/63/1 59/59/1 65/65/1
f  66/66/1 63/63/1 67/67/1
f  62/62/1 63/63/1 66/66/1
f  63/63/1 65/65/1 67/67/1
f  68/68/1 62/62/1 66/66/1
f  69/69/1 60/60/1 62/62/1
f  69/69/1 62/62/1 68/68/1
f  66/66/1 67/67/1 70/70/1
f  71/71/1 66/66/1 70/70/1
f  68/68/1 66/66/1 71/71/1
f  67/67/1 65/65/1 72/72/1
f  67/67/1 72/72/1 73/73/1
f  70/70/1 67/67/1 73/73/1
f  71/71/1 70/70/1 74/74/1
f  74/74/1 70/70/1 75/75/1
f  70/70/1 73/73/1 75/75/1
f  76/76/1 71/71/1 74/74/1
f  77/77/1 68/68/1 71/71/1
f  77/77/1 71/71/1 76/76/1
f  76/76/1 74/74/1 78/78/1
f  78/78/1 74/74/1 79/79/1
f  74/74/1 75/75/1 79/79/1
f  75/75/1 73/73/1 80/80/1
f  75/75/1 80/80/1 81/81/1
f  79/79/1 75/75/1 81/81/1
f  82/82/1 79/79/1 83/83/1
f  78/78/1 79/79/1 82/82/1
f  79/79/1 81/81/1 83/83/1
f  84/84/1 76/76/1 78/78/1
f  84/84/1 78/78/1 85/85/1
f  85/85/1 78/78/1 82/82/1
f  82/82/1 83/83/1 86/86/1
f  87/87/1 82/82/1 86/86/1
f  85/85/1 82/82/1 87/87/1
f  87/87/1 86/86/1 88/88/1
f  89/89/1 76/76/1 84/84/1
f  89/89/1 77/77/1 76/76/1
f  90/90/1 77/77/1 89/89/1
f  91/91/1 68/68/1 77/77/1
f  90/90/1 91/91/1 77/77/1
f  92/92/1 91/91/1 90/90/1
f  91/91/1 69/69/1 68/68/1
f  92/92/1 93/93/1 91/91/1
f  93/93/1 69/69/1 91/91/1
f  94/94/1 93/93/1 92/92/1
f  95/95/1 96/96/1 93/93/1
f  94/94/1 95/95/1 93/93/1
f  93/93/1 96/96/1 69/69/1
f  96/96/1 60/60/1 69/69/1
f  95/95/1 97/97/1 96/96/1
f  97/97/1 61/61/1 96/96/1
f  96/96/1 61/61/1 60/60/1
f  98/98/1 99/99/1 95/95/1
f  98/98/1 95/95/1 94/94/1
f  99/99/1 97/97/1 95/95/1
f  99/99/1 100/100/1 97/97/1
f  97/97/1 101/101/1 61/61/1
f  100/100/1 101/101/1 97/97/1
f  101/101/1 53/53/1 61/61/1
f  101/101/1 52/52/1 53/53/1
f  100/100/1 102/102/1 101/101/1
f  102/102/1 52/52/1 101/101/1
f  103/103/1 46/46/1 52/52/1
f  102/102/1 103/103/1 52/52/1
f  103/103/1 104/104/1 46/46/1
f  104/104/1 42/42/1 46/46/1
f  104/104/1 43/43/1 42/42/1
f  73/73/1 105/105/1 80/80/1
f  73/73/1 72/72/1 105/105/1
f  72/72/1 106/106/1 105/105/1
f  72/72/1 107/107/1 106/106/1
f  65/65/1 107/107/1 72/72/1
f  107/107/1 108/108/1 106/106/1
f  65/65/1 64/64/1 107/107/1
f  107/107/1 109/109/1 108/108/1
f  64/64/1 109/109/1 107/107/1
f  109/109/1 110/110/1 108/108/1
f  109/109/1 111/111/1 110/110/1
f  64/64/1 112/112/1 109/109/1
f  112/112/1 111/111/1 109/109/1
f  57/57/1 112/112/1 64/64/1
f  56/56/1 113/113/1 112/112/1
f  57/57/1 56/56/1 112/112/1
f  112/112/1 113/113/1 111/111/1
f  111/111/1 114/114/1 115/115/1
f  111/111/1 115/115/1 110/110/1
f  113/113/1 114/114/1 111/111/1
f  56/56/1 116/116/1 113/113/1
f  116/116/1 12/12/1 113/113/1
f  113/113/1 12/12/1 114/114/1
f  49/49/1 116/116/1 56/56/1
f  49/49/1 19/19/1 116/116/1
f  116/116/1 11/11/1 12/12/1
f  19/19/1 11/11/1 116/116/1
f  12/12/1 5/5/1 114/114/1
f  114/114/1 5/5/1 117/117/1
f  114/114/1 117/117/1 115/115/1
f  5/5/1 4/4/1 117/117/1
f  118/118/2 119/119/2 120/120/2
f  118/118/2 120/120/2 121/121/2
f  122/122/2 118/118/2 121/121/2
f  123/123/2 124/124/2 118/118/2
f  123/123/2 118/118/2 122/122/2
f  124/124/2 119/119/2 118/118/2
f  124/124/2 125/125/2 119/119/2
f  126/126/2 125/125/2 124/124/2
f  127/127/2 126/126/2 124/124/2
f  127/127/2 124/124/2 123/123/2
f  128/128/2 127/127/2 123/123/2
f  128/128/2 123/123/2 129/129/2
f  129/129/2 123/123/2 122/122/2
f  117/117/2 126/126/2 127/127/2
f  115/115/2 117/117/2 127/127/2
f  115/115/2 127/127/2 128/128/2
f  126/126/2 130/130/2 125/125/2
f  117/117/2 4/4/2 126/126/2
f  4/4/2 130/130/2 126/126/2
f  4/4/2 3/3/2 130/130/2
f  131/131/2 128/128/2 129/129/2
f  110/110/2 115/115/2 128/128/2
f  110/110/2 128/128/2 131/131/2
f  132/132/2 131/131/2 133/133/2
f  131/131/2 129/129/2 133/133/2
f  108/108/2 110/110/2 131/131/2
f  108/108/2 131/131/2 132/132/2
f  132/132/2 133/133/2 134/134/2
f  135/135/2 132/132/2 134/134/2
f  106/106/2 108/108/2 132/132/2
f  106/106/2 132/132/2 135/135/2
f  133/133/2 129/129/2 136/136/2
f  133/133/2 136/136/2 137/137/2
f  134/134/2 133/133/2 137/137/2
f  135/135/2 134/134/2 138/138/2
f  138/138/2 134/134/2 139/139/2
f  134/134/2 137/137/2 139/139/2
f  139/139/2 137/137/2 140/140/2
f  137/137/2 136/136/2 141/141/2
f  137/137/2 141/141/2 140/140/2
f  136/136/2 122/122/2 142/142/2
f  136/136/2 142/142/2 141/141/2
f  129/129/2 122/122/2 136/136/2
f  122/122/2 121/121/2 142/142/2
f  139/139/2 140/140/2 143/143/2
f  144/144/2 139/139/2 143/143/2
f  138/138/2 139/139/2 144/144/2
f  144/144/2 143/143/2 145/145/2
f  146/146/2 144/144/2 145/145/2
f  147/147/2 138/138/2 144/144/2
f  147/147/2 144/144/2 146/146/2
f  146/146/2 145/145/2 148/148/2
f  149/149/2 146/146/2 148/148/2
f  150/150/2 147/147/2 146/146/2
f  150/150/2 146/146/2 149/149/2
f  151/151/2 138/138/2 147/147/2
f  152/152/2 151/151/2 147/147/2
f  152/152/2 147/147/2 150/150/2
f  153/153/2 152/152/2 150/150/2
f  153/153/2 150/150/2 154/154/2
f  154/154/2 150/150/2 149/149/2
f  81/81/2 80/80/2 152/152/2
f  81/81/2 152/152/2 153/153/2
f  80/80/2 151/151/2 152/152/2
f  155/155/2 153/153/2 154/154/2
f  83/83/2 81/81/2 153/153/2
f  83/83/2 153/153/2 155/155/2
f  155/155/2 154/154/2 156/156/2
f  156/156/2 154/154/2 157/157/2
f  154/154/2 149/149/2 157/157/2
f  158/158/2 155/155/2 156/156/2
f  86/86/2 83/83/2 155/155/2
f  86/86/2 155/155/2 158/158/2
f  158/158/2 156/156/2 159/159/2
f  159/159/2 156/156/2 160/160/2
f  156/156/2 157/157/2 160/160/2
f  157/157/2 149/149/2 161/161/2
f  157/157/2 161/161/2 162/162/2
f  160/160/2 157/157/2 162/162/2
f  149/149/2 148/148/2 161/161/2
f  160/160/2 162/162/2 163/163/2
f  164/164/2 160/160/2 163/163/2
f  159/159/2 160/160/2 164/164/2
f  164/164/2 163/163/2 165/165/2
f  166/166/2 164/164/2 165/165/2
f  167/167/2 159/159/2 164/164/2
f  167/167/2 164/164/2 166/166/2
f  166/166/2 165/165/2 168/168/2
f  169/169/2 159/159/2 167/167/2
f  169/169/2 158/158/2 159/159/2
f  88/88/2 158/158/2 169/169/2
f  88/88/2 86/86/2 158/158/2
f  151/151/2 135/135/2 138/138/2
f  80/80/2 105/105/2 151/151/2
f  105/105/2 135/135/2 151/151/2
f  105/105/2 106/106/2 135/135/2
f  170/170/3 171/171/3 172/172/3
f  170/170/3 172/172/3 173/173/3
f  174/174/3 170/170/3 173/173/3
f  175/175/3 176/176/3 170/170/3
f  175/175/3 170/170/3 174/174/3
f  176/176/3 171/171/3 170/170/3
f  176/176/3 177/177/3 171/171/3
f  178/178/3 177/177/3 176/176/3
f  179/179/3 178/178/3 176/176/3
f  179/179/3 176/176/3 175/175/3
f  180/180/3 179/179/3 175/175/3
f  180/180/3 175/175/3 181/181/3
f  181/181/3 175/175/3 174/174/3
f  182/182/3 178/178/3 179/179/3
f  183/183/3 182/182/3 179/179/3
f  183/183/3 179/179/3 180/180/3
f  178/178/3 184/184/3 177/177/3
f  182/182/3 185/185/3 178/178/3
f  185/185/3 184/184/3 178/178/3
f  186/186/3 187/187/3 182/182/3
f  186/186/3 182/182/3 183/183/3
f  187/187/3 185/185/3 182/182/3
f  188/188/3 183/183/3 180/180/3
f  189/189/3 186/186/3 183/183/3
f  189/189/3 183/183/3 188/188/3
f  190/190/3 191/191/3 186/186/3
f  190/190/3 186/186/3 189/189/3
f  191/191/3 187/187/3 186/186/3
f  187/187/3 192/192/3 185/185/3
f  193/193/3 192/192/3 187/187/3
f  191/191/3 193/193/3 187/187/3
f  194/194/3 193/193/3 191/191/3
f  195/195/3 194/194/3 191/191/3
f  195/195/3 191/191/3 190/190/3
f  196/196/3 195/195/3 190/190/3
f  196/196/3 190/190/3 197/197/3
f  197/197/3 190/190/3 189/189/3
f  143/143/3 140/140/3 195/195/3
f  143/143/3 195/195/3 196/196/3
f  140/140/3 194/194/3 195/195/3
f  194/194/3 198/198/3 193/193/3
f  140/140/3 141/141/3 194/194/3
f  141/141/3 198/198/3 194/194/3
f  141/141/3 142/142/3 198/198/3
f  198/198/3 199/199/3 200/200/3
f  198/198/3 200/200/3 193/193/3
f  142/142/3 199/199/3 198/198/3
f  142/142/3 121/121/3 199/199/3
f  199/199/3 201/201/3 202/202/3
f  199/199/3 202/202/3 200/200/3
f  121/121/3 201/201/3 199/199/3
f  193/193/3 200/200/3 192/192/3
f  200/200/3 202/202/3 203/203/3
f  200/200/3 203/203/3 192/192/3
f  192/192/3 203/203/3 204/204/3
f  192/192/3 204/204/3 185/185/3
f  185/185/3 204/204/3 184/184/3
f  121/121/3 120/120/3 201/201/3
f  205/205/3 196/196/3 197/197/3
f  145/145/3 143/143/3 196/196/3
f  145/145/3 196/196/3 205/205/3
f  205/205/3 197/197/3 206/206/3
f  206/206/3 197/197/3 207/207/3
f  197/197/3 189/189/3 207/207/3
f  208/208/3 205/205/3 206/206/3
f  208/208/3 206/206/3 209/209/3
f  206/206/3 207/207/3 210/210/3
f  209/209/3 206/206/3 210/210/3
f  207/207/3 189/189/3 188/188/3
f  207/207/3 188/188/3 211/211/3
f  210/210/3 207/207/3 211/211/3
f  212/212/3 210/210/3 213/213/3
f  210/210/3 211/211/3 213/213/3
f  209/209/3 210/210/3 212/212/3
f  214/214/3 208/208/3 209/209/3
f  214/214/3 209/209/3 215/215/3
f  215/215/3 209/209/3 212/212/3
f  212/212/3 213/213/3 216/216/3
f  217/217/3 212/212/3 216/216/3
f  215/215/3 212/212/3 217/217/3
f  213/213/3 211/211/3 218/218/3
f  213/213/3 218/218/3 219/219/3
f  216/216/3 213/213/3 219/219/3
f  220/220/3 216/216/3 221/221/3
f  216/216/3 219/219/3 221/221/3
f  217/217/3 216/216/3 220/220/3
f  222/222/3 217/217/3 220/220/3
f  223/223/3 215/215/3 217/217/3
f  223/223/3 217/217/3 222/222/3
f  222/222/3 220/220/3 224/224/3
f  224/224/3 220/220/3 225/225/3
f  220/220/3 221/221/3 225/225/3
f  221/221/3 219/219/3 226/226/3
f  221/221/3 226/226/3 227/227/3
f  225/225/3 221/221/3 227/227/3
f  228/228/3 225/225/3 229/229/3
f  224/224/3 225/225/3 228/228/3
f  225/225/3 227/227/3 229/229/3
f  230/230/3 224/224/3 228/228/3
f  231/231/3 222/222/3 224/224/3
f  231/231/3 224/224/3 230/230/3
f  228/228/3 229/229/3 232/232/3
f  233/233/3 228/228/3 232/232/3
f  230/230/3 228/228/3 233/233/3
f  229/229/3 227/227/3 234/234/3
f  229/229/3 234/234/3 235/235/3
f  232/232/3 229/229/3 235/235/3
f  233/233/3 232/232/3 236/236/3
f  236/236/3 232/232/3 237/237/3
f  232/232/3 235/235/3 237/237/3
f  238/238/3 233/233/3 236/236/3
f  239/239/3 230/230/3 233/233/3
f  239/239/3 233/233/3 238/238/3
f  238/238/3 236/236/3 240/240/3
f  240/240/3 236/236/3 241/241/3
f  236/236/3 237/237/3 241/241/3
f  237/237/3 235/235/3 242/242/3
f  237/237/3 242/242/3 243/243/3
f  241/241/3 237/237/3 243/243/3
f  244/244/3 241/241/3 245/245/3
f  240/240/3 241/241/3 244/244/3
f  241/241/3 243/243/3 245/245/3
f  246/246/3 238/238/3 240/240/3
f  246/246/3 240/240/3 247/247/3
f  247/247/3 240/240/3 244/244/3
f  244/244/3 245/245/3 248/248/3
f  249/249/3 244/244/3 248/248/3
f  247/247/3 244/244/3 249/249/3
f  249/249/3 248/248/3 250/250/3
f  251/251/3 238/238/3 246/246/3
f  251/251/3 239/239/3 238/238/3
f  252/252/3 239/239/3 251/251/3
f  253/253/3 230/230/3 239/239/3
f  252/252/3 253/253/3 239/239/3
f  254/254/3 253/253/3 252/252/3
f  253/253/3 231/231/3 230/230/3
f  254/254/3 255/255/3 253/253/3
f  255/255/3 231/231/3 253/253/3
f  256/256/3 255/255/3 254/254/3
f  257/257/3 258/258/3 255/255/3
f  256/256/3 257/257/3 255/255/3
f  255/255/3 258/258/3 231/231/3
f  258/258/3 222/222/3 231/231/3
f  257/257/3 259/259/3 258/258/3
f  259/259/3 223/223/3 258/258/3
f  258/258/3 223/223/3 222/222/3
f  168/168/3 165/165/3 257/257/3
f  168/168/3 257/257/3 256/256/3
f  165/165/3 259/259/3 257/257/3
f  165/165/3 163/163/3 259/259/3
f  259/259/3 260/260/3 223/223/3
f  163/163/3 260/260/3 259/259/3
f  260/260/3 215/215/3 223/223/3
f  260/260/3 214/214/3 215/215/3
f  163/163/3 162/162/3 260/260/3
f  162/162/3 214/214/3 260/260/3
f  161/161/3 208/208/3 214/214/3
f  162/162/3 161/161/3 214/214/3
f  161/161/3 148/148/3 208/208/3
f  148/148/3 205/205/3 208/208/3
f  148/148/3 145/145/3 205/205/3
f  235/235/3 261/261/3 242/242/3
f  235/235/3 234/234/3 261/261/3
f  234/234/3 262/262/3 261/261/3
f  234/234/3 263/263/3 262/262/3
f  227/227/3 263/263/3 234/234/3
f  263/263/3 264/264/3 262/262/3
f  227/227/3 226/226/3 263/263/3
f  263/263/3 265/265/3 264/264/3
f  226/226/3 265/265/3 263/263/3
f  265/265/3 266/266/3 264/264/3
f  265/265/3 267/267/3 266/266/3
f  226/226/3 268/268/3 265/265/3
f  268/268/3 267/267/3 265/265/3
f  219/219/3 268/268/3 226/226/3
f  218/218/3 269/269/3 268/268/3
f  219/219/3 218/218/3 268/268/3
f  268/268/3 269/269/3 267/267/3
f  267/267/3 270/270/3 271/271/3
f  267/267/3 271/271/3 266/266/3
f  269/269/3 270/270/3 267/267/3
f  218/218/3 272/272/3 269/269/3
f  272/272/3 181/181/3 269/269/3
f  269/269/3 181/181/3 270/270/3
f  211/211/3 272/272/3 218/218/3
f  211/211/3 188/188/3 272/272/3
f  272/272/3 180/180/3 181/181/3
f  188/188/3 180/180/3 272/272/3
f  181/181/3 174/174/3 270/270/3
f  270/270/3 174/174/3 273/273/3
f  270/270/3 273/273/3 271/271/3
f  174/174/3 173/173/3 273/273/3
f  274/274/4 275/275/4 41/276/4
f  274/274/4 41/276/4 36/277/4
f  276/278/4 274/274/4 36/277/4
f  277/279/4 278/280/4 274/274/4
f  277/279/4 274/274/4 276/278/4
f  278/280/4 275/275/4 274/274/4
f  278/280/4 279/281/4 275/275/4
f  280/282/4 279/281/4 278/280/4
f  281/283/4 280/282/4 278/280/4
f  281/283/4 278/280/4 277/279/4
f  282/284/4 281/283/4 277/279/4
f  282/284/4 277/279/4 283/285/4
f  283/285/4 277/279/4 276/278/4
f  273/273/4 280/282/4 281/283/4
f  271/271/4 273/273/4 281/283/4
f  271/271/4 281/283/4 282/284/4
f  280/282/4 284/286/4 279/281/4
f  273/273/4 173/173/4 280/282/4
f  173/173/4 284/286/4 280/282/4
f  173/173/4 172/172/4 284/286/4
f  285/287/4 282/284/4 283/285/4
f  266/266/4 271/271/4 282/284/4
f  266/266/4 282/284/4 285/287/4
f  286/288/4 285/287/4 287/289/4
f  285/287/4 283/285/4 287/289/4
f  264/264/4 266/266/4 285/287/4
f  264/264/4 285/287/4 286/288/4
f  286/288/4 287/289/4 288/290/4
f  289/291/4 286/288/4 288/290/4
f  262/262/4 264/264/4 286/288/4
f  262/262/4 286/288/4 289/291/4
f  287/289/4 283/285/4 290/292/4
f  287/289/4 290/292/4 291/293/4
f  288/290/4 287/289/4 291/293/4
f  289/291/4 288/290/4 292/294/4
f  292/294/4 288/290/4 293/295/4
f  288/290/4 291/293/4 293/295/4
f  293/295/4 291/293/4 30/296/4
f  291/293/4 290/292/4 32/297/4
f  291/293/4 32/297/4 30/296/4
f  290/292/4 276/278/4 33/298/4
f  290/292/4 33/298/4 32/297/4
f  283/285/4 276/278/4 290/292/4
f  276/278/4 36/277/4 33/298/4
f  293/295/4 30/296/4 29/299/4
f  294/300/4 293/295/4 29/299/4
f  292/294/4 293/295/4 294/300/4
f  294/300/4 29/299/4 43/301/4
f  295/302/4 294/300/4 43/301/4
f  296/303/4 292/294/4 294/300/4
f  296/303/4 294/300/4 295/302/4
f  295/302/4 43/301/4 104/304/4
f  297/305/4 295/302/4 104/304/4
f  298/306/4 296/303/4 295/302/4
f  298/306/4 295/302/4 297/305/4
f  299/307/4 292/294/4 296/303/4
f  300/308/4 299/307/4 296/303/4
f  300/308/4 296/303/4 298/306/4
f  301/309/4 300/308/4 298/306/4
f  301/309/4 298/306/4 302/310/4
f  302/310/4 298/306/4 297/305/4
f  243/243/4 242/242/4 300/308/4
f  243/243/4 300/308/4 301/309/4
f  242/242/4 299/307/4 300/308/4
f  303/311/4 301/309/4 302/310/4
f  245/245/4 243/243/4 301/309/4
f  245/245/4 301/309/4 303/311/4
f  303/311/4 302/310/4 304/312/4
f  304/312/4 302/310/4 305/313/4
f  302/310/4 297/305/4 305/313/4
f  306/314/4 303/311/4 304/312/4
f  248/248/4 245/245/4 303/311/4
f  248/248/4 303/311/4 306/314/4
f  306/314/4 304/312/4 307/315/4
f  307/315/4 304/312/4 308/316/4
f  304/312/4 305/313/4 308/316/4
f  305/313/4 297/305/4 103/317/4
f  305/313/4 103/317/4 102/318/4
f  308/316/4 305/313/4 102/318/4
f  297/305/4 104/304/4 103/317/4
f  308/316/4 102/318/4 100/319/4
f  309/320/4 308/316/4 100/319/4
f  307/315/4 308/316/4 309/320/4
f  309/320/4 100/319/4 99/321/4
f  310/322/4 309/320/4 99/321/4
f  311/323/4 307/315/4 309/320/4
f  311/323/4 309/320/4 310/322/4
f  310/322/4 99/321/4 98/324/4
f  312/325/4 307/315/4 311/323/4
f  312/325/4 306/314/4 307/315/4
f  250/250/4 306/314/4 312/325/4
f  250/250/4 248/248/4 306/314/4
f  299/307/4 289/291/4 292/294/4
f  242/242/4 261/261/4 299/307/4
f  261/261/4 289/291/4 299/307/4
f  261/261/4 262/262/4 289/291/4
f  313/326/5 249/249/5 250/250/5
f  313/326/5 250/250/5 312/327/5
f  314/328/5 313/326/5 312/327/5
f  315/329/5 316/330/5 313/326/5
f  315/329/5 313/326/5 314/328/5
f  316/330/5 249/249/5 313/326/5
f  316/330/5 247/247/5 249/249/5
f  317/331/5 247/247/5 316/330/5
f  318/332/5 317/331/5 316/330/5
f  318/332/5 316/330/5 315/329/5
f  319/333/5 318/332/5 315/329/5
f  319/333/5 315/329/5 320/334/5
f  320/334/5 315/329/5 314/328/5
f  321/335/5 317/331/5 318/332/5
f  322/336/5 321/335/5 318/332/5
f  322/336/5 318/332/5 319/333/5
f  317/331/5 246/246/5 247/247/5
f  321/335/5 323/337/5 317/331/5
f  323/337/5 246/246/5 317/331/5
f  324/338/5 325/339/5 321/335/5
f  324/338/5 321/335/5 322/336/5
f  325/339/5 323/337/5 321/335/5
f  89/340/5 322/336/5 319/333/5
f  84/341/5 324/338/5 322/336/5
f  84/341/5 322/336/5 89/340/5
f  85/342/5 326/343/5 324/338/5
f  85/342/5 324/338/5 84/341/5
f  326/343/5 325/339/5 324/338/5
f  325/339/5 327/344/5 323/337/5
f  328/345/5 327/344/5 325/339/5
f  326/343/5 328/345/5 325/339/5
f  329/346/5 328/345/5 326/343/5
f  87/347/5 329/346/5 326/343/5
f  87/347/5 326/343/5 85/342/5
f  329/346/5 330/348/5 328/345/5
f  330/348/5 331/349/5 328/345/5
f  328/345/5 331/349/5 327/344/5
f  327/344/5 252/252/5 251/251/5
f  327/344/5 251/251/5 323/337/5
f  331/349/5 252/252/5 327/344/5
f  332/350/5 254/254/5 331/349/5
f  330/348/5 332/350/5 331/349/5
f  331/349/5 254/254/5 252/252/5
f  332/350/5 256/256/5 254/254/5
f  167/351/5 166/352/5 332/350/5
f  167/351/5 332/350/5 330/348/5
f  166/352/5 256/256/5 332/350/5
f  166/352/5 168/168/5 256/256/5
f  169/353/5 167/351/5 330/348/5
f  169/353/5 330/348/5 329/346/5
f  88/354/5 169/353/5 329/346/5
f  88/354/5 329/346/5 87/347/5
f  323/337/5 251/251/5 246/246/5
f  89/340/5 319/333/5 90/355/5
f  90/355/5 319/333/5 320/334/5
f  90/355/5 320/334/5 92/356/5
f  92/356/5 320/334/5 333/357/5
f  320/334/5 314/328/5 333/357/5
f  92/356/5 333/357/5 94/358/5
f  333/357/5 314/328/5 311/359/5
f  333/357/5 311/359/5 310/360/5
f  94/358/5 333/357/5 310/360/5
f  314/328/5 312/327/5 311/359/5
f  94/358/5 310/360/5 98/361/5
f  334/362/6 37/363/6 41/364/6
f  334/362/6 41/364/6 275/365/6
f  335/366/6 334/362/6 275/365/6
f  336/367/6 337/368/6 334/362/6
f  336/367/6 334/362/6 335/366/6
f  337/368/6 37/363/6 334/362/6
f  337/368/6 38/369/6 37/363/6
f  338/370/6 38/369/6 337/368/6
f  339/371/6 338/370/6 337/368/6
f  339/371/6 337/368/6 336/367/6
f  340/372/6 339/371/6 336/367/6
f  340/372/6 336/367/6 341/373/6
f  341/373/6 336/367/6 335/366/6
f  342/374/6 338/370/6 339/371/6
f  343/375/6 342/374/6 339/371/6
f  343/375/6 339/371/6 340/372/6
f  338/370/6 39/376/6 38/369/6
f  342/374/6 344/377/6 338/370/6
f  344/377/6 39/376/6 338/370/6
f  345/378/6 346/379/6 342/374/6
f  345/378/6 342/374/6 343/375/6
f  346/379/6 344/377/6 342/374/6
f  204/204/6 343/375/6 340/372/6
f  203/203/6 345/378/6 343/375/6
f  203/203/6 343/375/6 204/204/6
f  202/202/6 347/380/6 345/378/6
f  202/202/6 345/378/6 203/203/6
f  347/380/6 346/379/6 345/378/6
f  346/379/6 348/381/6 344/377/6
f  349/382/6 348/381/6 346/379/6
f  347/380/6 349/382/6 346/379/6
f  350/383/6 349/382/6 347/380/6
f  201/201/6 350/383/6 347/380/6
f  201/201/6 347/380/6 202/202/6
f  350/383/6 351/384/6 349/382/6
f  351/384/6 352/385/6 349/382/6
f  349/382/6 352/385/6 348/381/6
f  348/381/6 15/386/6 40/387/6
f  348/381/6 40/387/6 344/377/6
f  352/385/6 15/386/6 348/381/6
f  353/388/6 8/389/6 352/385/6
f  351/384/6 353/388/6 352/385/6
f  352/385/6 8/389/6 15/386/6
f  353/388/6 2/390/6 8/389/6
f  125/391/6 130/392/6 353/388/6
f  125/391/6 353/388/6 351/384/6
f  130/392/6 2/390/6 353/388/6
f  130/392/6 3/393/6 2/390/6
f  119/394/6 125/391/6 351/384/6
f  119/394/6 351/384/6 350/383/6
f  120/120/6 119/394/6 350/383/6
f  120/120/6 350/383/6 201/201/6
f  344/377/6 40/387/6 39/376/6
f  204/204/6 340/372/6 184/184/6
f  184/184/6 340/372/6 341/373/6
f  184/184/6 341/373/6 177/177/6
f  177/177/6 341/373/6 354/395/6
f  341/373/6 335/366/6 354/395/6
f  177/177/6 354/395/6 171/171/6
f  354/395/6 335/366/6 279/396/6
f  354/395/6 279/396/6 284/397/6
f  171/171/6 354/395/6 284/397/6
f  335/366/6 275/365/6 279/396/6
f  171/171/6 284/397/6 172/172/6
f  355/398/1 356/2/1 357/3/1
f  355/398/1 357/3/1 358/399/1
f  359/114/1 355/398/1 358/399/1
f  360/12/1 361/400/1 355/398/1
f  360/12/1 355/398/1 359/114/1
f  361/400/1 356/2/1 355/398/1
f  361/400/1 362/8/1 356/2/1
f  363/401/1 362/8/1 361/400/1
f  364/11/1 363/401/1 361/400/1
f  364/11/1 361/400/1 360/12/1
f  365/402/1 364/11/1 360/12/1
f  365/402/1 360/12/1 366/403/1
f  366/403/1 360/12/1 359/114/1
f  367/14/1 363/401/1 364/11/1
f  368/404/1 367/14/1 364/11/1
f  368/404/1 364/11/1 365/402/1
f  363/401/1 369/15/1 362/8/1
f  367/14/1 370/405/1 363/401/1
f  370/405/1 369/15/1 363/401/1
f  371/406/1 372/17/1 367/14/1
f  371/406/1 367/14/1 368/404/1
f  372/17/1 370/405/1 367/14/1
f  373/51/1 368/404/1 365/402/1
f  374/48/1 371/406/1 368/404/1
f  374/48/1 368/404/1 373/51/1
f  375/44/1 376/407/1 371/406/1
f  375/44/1 371/406/1 374/48/1
f  376/407/1 372/17/1 371/406/1
f  376/407/1 377/22/1 372/17/1
f  372/17/1 378/408/1 370/405/1
f  377/22/1 378/408/1 372/17/1
f  379/409/1 377/22/1 376/407/1
f  380/42/1 379/409/1 376/407/1
f  380/42/1 376/407/1 375/44/1
f  381/410/1 380/42/1 375/44/1
f  381/410/1 375/44/1 382/411/1
f  382/411/1 375/44/1 374/48/1
f  383/412/1 384/43/1 380/42/1
f  383/412/1 380/42/1 381/410/1
f  384/43/1 379/409/1 380/42/1
f  379/409/1 385/25/1 377/22/1
f  384/43/1 386/413/1 379/409/1
f  386/413/1 385/25/1 379/409/1
f  385/25/1 387/414/1 388/415/1
f  385/25/1 388/415/1 377/22/1
f  389/32/1 387/414/1 385/25/1
f  386/413/1 389/32/1 385/25/1
f  387/414/1 390/37/1 391/38/1
f  387/414/1 391/38/1 388/415/1
f  389/32/1 392/416/1 387/414/1
f  392/416/1 390/37/1 387/414/1
f  377/22/1 388/415/1 378/408/1
f  388/415/1 391/38/1 393/39/1
f  388/415/1 393/39/1 378/408/1
f  378/408/1 393/39/1 394/40/1
f  378/408/1 394/40/1 370/405/1
f  370/405/1 394/40/1 369/15/1
f  392/416/1 395/41/1 390/37/1
f  396/101/1 381/410/1 382/411/1
f  397/102/1 383/412/1 381/410/1
f  397/102/1 381/410/1 396/101/1
f  396/101/1 382/411/1 398/61/1
f  398/61/1 382/411/1 399/417/1
f  382/411/1 374/48/1 399/417/1
f  400/418/1 396/101/1 398/61/1
f  400/418/1 398/61/1 401/419/1
f  401/419/1 398/61/1 402/60/1
f  398/61/1 399/417/1 402/60/1
f  399/417/1 374/48/1 373/51/1
f  399/417/1 373/51/1 403/420/1
f  402/60/1 399/417/1 403/420/1
f  404/421/1 402/60/1 405/62/1
f  401/419/1 402/60/1 404/421/1
f  402/60/1 403/420/1 405/62/1
f  406/94/1 400/418/1 401/419/1
f  406/94/1 401/419/1 407/92/1
f  407/92/1 401/419/1 404/421/1
f  404/421/1 405/62/1 408/422/1
f  409/90/1 404/421/1 408/422/1
f  407/92/1 404/421/1 409/90/1
f  405/62/1 403/420/1 410/423/1
f  405/62/1 410/423/1 411/66/1
f  408/422/1 405/62/1 411/66/1
f  412/89/1 408/422/1 413/424/1
f  408/422/1 411/66/1 413/424/1
f  409/90/1 408/422/1 412/89/1
f  413/424/1 411/66/1 414/70/1
f  411/66/1 410/423/1 415/425/1
f  411/66/1 415/425/1 414/70/1
f  410/423/1 416/57/1 417/64/1
f  410/423/1 417/64/1 415/425/1
f  403/420/1 416/57/1 410/423/1
f  414/70/1 415/425/1 418/426/1
f  415/425/1 417/64/1 419/107/1
f  415/425/1 419/107/1 418/426/1
f  416/57/1 366/403/1 417/64/1
f  417/64/1 366/403/1 420/427/1
f  417/64/1 420/427/1 419/107/1
f  418/426/1 419/107/1 421/106/1
f  419/107/1 420/427/1 422/428/1
f  419/107/1 422/428/1 421/106/1
f  418/426/1 421/106/1 423/429/1
f  424/75/1 418/426/1 423/429/1
f  414/70/1 418/426/1 424/75/1
f  424/75/1 423/429/1 425/81/1
f  426/430/1 424/75/1 425/81/1
f  427/431/1 414/70/1 424/75/1
f  427/431/1 424/75/1 426/430/1
f  413/424/1 414/70/1 427/431/1
f  428/84/1 413/424/1 427/431/1
f  428/84/1 427/431/1 429/85/1
f  429/85/1 427/431/1 426/430/1
f  426/430/1 425/81/1 430/432/1
f  431/87/1 426/430/1 430/432/1
f  429/85/1 426/430/1 431/87/1
f  431/87/1 430/432/1 432/88/1
f  412/89/1 413/424/1 428/84/1
f  420/427/1 433/115/1 422/428/1
f  420/427/1 359/114/1 433/115/1
f  366/403/1 359/114/1 420/427/1
f  359/114/1 358/399/1 433/115/1
f  416/57/1 365/402/1 366/403/1
f  373/51/1 365/402/1 416/57/1
f  403/420/1 373/51/1 416/57/1
f  434/98/1 400/418/1 406/94/1
f  434/98/1 435/433/1 400/418/1
f  435/433/1 396/101/1 400/418/1
f  435/433/1 397/102/1 396/101/1
f  436/434/2 437/435/2 438/120/2
f  436/434/2 438/120/2 439/436/2
f  440/437/2 436/434/2 439/436/2
f  441/136/2 442/438/2 436/434/2
f  441/136/2 436/434/2 440/437/2
f  442/438/2 437/435/2 436/434/2
f  442/438/2 443/119/2 437/435/2
f  444/439/2 443/119/2 442/438/2
f  445/440/2 444/439/2 442/438/2
f  445/440/2 442/438/2 441/136/2
f  446/441/2 445/440/2 441/136/2
f  446/441/2 441/136/2 447/442/2
f  447/442/2 441/136/2 440/437/2
f  448/129/2 444/439/2 445/440/2
f  449/443/2 448/129/2 445/440/2
f  449/443/2 445/440/2 446/441/2
f  444/439/2 450/444/2 443/119/2
f  448/129/2 451/445/2 444/439/2
f  451/445/2 450/444/2 444/439/2
f  452/446/2 453/447/2 448/129/2
f  452/446/2 448/129/2 449/443/2
f  453/447/2 451/445/2 448/129/2
f  454/138/2 449/443/2 446/441/2
f  455/448/2 452/446/2 449/443/2
f  455/448/2 449/443/2 454/138/2
f  456/135/2 457/449/2 452/446/2
f  456/135/2 452/446/2 455/448/2
f  457/449/2 453/447/2 452/446/2
f  457/449/2 458/128/2 453/447/2
f  453/447/2 459/450/2 451/445/2
f  458/128/2 459/450/2 453/447/2
f  460/451/2 458/128/2 457/449/2
f  461/452/2 460/451/2 457/449/2
f  461/452/2 457/449/2 456/135/2
f  462/453/2 461/452/2 456/135/2
f  462/453/2 456/135/2 463/454/2
f  463/454/2 456/135/2 455/448/2
f  423/429/2 421/106/2 461/452/2
f  423/429/2 461/452/2 462/453/2
f  421/106/2 460/451/2 461/452/2
f  460/451/2 464/455/2 458/128/2
f  421/106/2 422/428/2 460/451/2
f  422/428/2 464/455/2 460/451/2
f  464/455/2 465/456/2 466/457/2
f  464/455/2 466/457/2 458/128/2
f  433/115/2 465/456/2 464/455/2
f  422/428/2 433/115/2 464/455/2
f  465/456/2 467/458/2 468/130/2
f  465/456/2 468/130/2 466/457/2
f  433/115/2 358/399/2 465/456/2
f  358/399/2 467/458/2 465/456/2
f  458/128/2 466/457/2 459/450/2
f  466/457/2 468/130/2 469/459/2
f  466/457/2 469/459/2 459/450/2
f  459/450/2 469/459/2 470/125/2
f  459/450/2 470/125/2 451/445/2
f  451/445/2 470/125/2 450/444/2
f  358/399/2 357/3/2 467/458/2
f  471/460/2 462/453/2 463/454/2
f  425/81/2 423/429/2 462/453/2
f  425/81/2 462/453/2 471/460/2
f  471/460/2 463/454/2 472/153/2
f  472/153/2 463/454/2 473/461/2
f  463/454/2 455/448/2 473/461/2
f  474/462/2 471/460/2 472/153/2
f  474/462/2 472/153/2 475/463/2
f  475/463/2 472/153/2 476/464/2
f  472/153/2 473/461/2 476/464/2
f  473/461/2 455/448/2 454/138/2
f  473/461/2 454/138/2 477/465/2
f  476/464/2 473/461/2 477/465/2
f  478/466/2 476/464/2 479/154/2
f  475/463/2 476/464/2 478/466/2
f  476/464/2 477/465/2 479/154/2
f  480/467/2 474/462/2 475/463/2
f  480/467/2 475/463/2 3/169/2
f  3/169/2 475/463/2 478/466/2
f  478/466/2 479/154/2 481/468/2
f  130/469/2 478/466/2 481/468/2
f  3/169/2 478/466/2 130/469/2
f  479/154/2 477/465/2 482/470/2
f  479/154/2 482/470/2 483/471/2
f  481/468/2 479/154/2 483/471/2
f  125/167/2 481/468/2 484/472/2
f  481/468/2 483/471/2 484/472/2
f  130/469/2 481/468/2 125/167/2
f  484/472/2 483/471/2 485/157/2
f  483/471/2 482/470/2 486/473/2
f  483/471/2 486/473/2 485/157/2
f  482/470/2 487/474/2 488/144/2
f  482/470/2 488/144/2 486/473/2
f  477/465/2 487/474/2 482/470/2
f  485/157/2 486/473/2 489/475/2
f  486/473/2 488/144/2 490/476/2
f  486/473/2 490/476/2 489/475/2
f  487/474/2 447/442/2 488/144/2
f  488/144/2 447/442/2 491/477/2
f  488/144/2 491/477/2 490/476/2
f  489/475/2 490/476/2 492/145/2
f  490/476/2 491/477/2 493/478/2
f  490/476/2 493/478/2 492/145/2
f  489/475/2 492/145/2 494/479/2
f  495/480/2 489/475/2 494/479/2
f  485/157/2 489/475/2 495/480/2
f  495/480/2 494/479/2 496/162/2
f  497/481/2 495/480/2 496/162/2
f  498/482/2 485/157/2 495/480/2
f  498/482/2 495/480/2 497/481/2
f  484/472/2 485/157/2 498/482/2
f  119/483/2 484/472/2 498/482/2
f  119/483/2 498/482/2 120/166/2
f  120/166/2 498/482/2 497/481/2
f  497/481/2 496/162/2 499/484/2
f  500/485/2 497/481/2 499/484/2
f  120/166/2 497/481/2 500/485/2
f  500/485/2 499/484/2 501/168/2
f  125/167/2 484/472/2 119/483/2
f  491/477/2 502/141/2 493/478/2
f  491/477/2 440/437/2 502/141/2
f  447/442/2 440/437/2 491/477/2
f  440/437/2 439/436/2 502/141/2
f  487/474/2 446/441/2 447/442/2
f  454/138/2 446/441/2 487/474/2
f  477/465/2 454/138/2 487/474/2
f  432/88/2 474/462/2 480/467/2
f  432/88/2 430/432/2 474/462/2
f  430/432/2 471/460/2 474/462/2
f  430/432/2 425/81/2 471/460/2
f  503/486/3 504/171/3 505/172/3
f  503/486/3 505/172/3 506/487/3
f  507/270/3 503/486/3 506/487/3
f  508/181/3 509/488/3 503/486/3
f  508/181/3 503/486/3 507/270/3
f  509/488/3 504/171/3 503/486/3
f  509/488/3 510/177/3 504/171/3
f  511/489/3 510/177/3 509/488/3
f  512/180/3 511/489/3 509/488/3
f  512/180/3 509/488/3 508/181/3
f  513/490/3 512/180/3 508/181/3
f  513/490/3 508/181/3 514/491/3
f  514/491/3 508/181/3 507/270/3
f  515/183/3 511/489/3 512/180/3
f  516/492/3 515/183/3 512/180/3
f  516/492/3 512/180/3 513/490/3
f  511/489/3 517/184/3 510/177/3
f  515/183/3 518/493/3 511/489/3
f  518/493/3 517/184/3 511/489/3
f  519/494/3 520/186/3 515/183/3
f  519/494/3 515/183/3 516/492/3
f  520/186/3 518/493/3 515/183/3
f  521/213/3 516/492/3 513/490/3
f  522/210/3 519/494/3 516/492/3
f  522/210/3 516/492/3 521/213/3
f  523/206/3 524/495/3 519/494/3
f  523/206/3 519/494/3 522/210/3
f  524/495/3 520/186/3 519/494/3
f  524/495/3 525/191/3 520/186/3
f  520/186/3 526/496/3 518/493/3
f  525/191/3 526/496/3 520/186/3
f  527/497/3 525/191/3 524/495/3
f  528/205/3 527/497/3 524/495/3
f  528/205/3 524/495/3 523/206/3
f  529/498/3 528/205/3 523/206/3
f  529/498/3 523/206/3 530/499/3
f  530/499/3 523/206/3 522/210/3
f  494/479/3 492/145/3 528/205/3
f  494/479/3 528/205/3 529/498/3
f  492/145/3 527/497/3 528/205/3
f  527/497/3 531/194/3 525/191/3
f  492/145/3 493/478/3 527/497/3
f  493/478/3 531/194/3 527/497/3
f  531/194/3 532/500/3 533/501/3
f  531/194/3 533/501/3 525/191/3
f  502/141/3 532/500/3 531/194/3
f  493/478/3 502/141/3 531/194/3
f  532/500/3 534/201/3 535/202/3
f  532/500/3 535/202/3 533/501/3
f  502/141/3 439/436/3 532/500/3
f  439/436/3 534/201/3 532/500/3
f  525/191/3 533/501/3 526/496/3
f  533/501/3 535/202/3 536/203/3
f  533/501/3 536/203/3 526/496/3
f  526/496/3 536/203/3 537/204/3
f  526/496/3 537/204/3 518/493/3
f  518/493/3 537/204/3 517/184/3
f  439/436/3 438/120/3 534/201/3
f  538/260/3 529/498/3 530/499/3
f  496/162/3 494/479/3 529/498/3
f  496/162/3 529/498/3 538/260/3
f  538/260/3 530/499/3 539/223/3
f  539/223/3 530/499/3 540/502/3
f  530/499/3 522/210/3 540/502/3
f  541/503/3 538/260/3 539/223/3
f  541/503/3 539/223/3 542/504/3
f  542/504/3 539/223/3 543/222/3
f  539/223/3 540/502/3 543/222/3
f  540/502/3 522/210/3 521/213/3
f  540/502/3 521/213/3 544/505/3
f  543/222/3 540/502/3 544/505/3
f  545/506/3 543/222/3 546/224/3
f  542/504/3 543/222/3 545/506/3
f  543/222/3 544/505/3 546/224/3
f  547/256/3 541/503/3 542/504/3
f  547/256/3 542/504/3 548/254/3
f  548/254/3 542/504/3 545/506/3
f  545/506/3 546/224/3 549/507/3
f  550/252/3 545/506/3 549/507/3
f  548/254/3 545/506/3 550/252/3
f  546/224/3 544/505/3 551/508/3
f  546/224/3 551/508/3 552/228/3
f  549/507/3 546/224/3 552/228/3
f  553/251/3 549/507/3 554/509/3
f  549/507/3 552/228/3 554/509/3
f  550/252/3 549/507/3 553/251/3
f  554/509/3 552/228/3 555/232/3
f  552/228/3 551/508/3 556/510/3
f  552/228/3 556/510/3 555/232/3
f  551/508/3 557/219/3 558/226/3
f  551/508/3 558/226/3 556/510/3
f  544/505/3 557/219/3 551/508/3
f  555/232/3 556/510/3 559/511/3
f  556/510/3 558/226/3 560/263/3
f  556/510/3 560/263/3 559/511/3
f  557/219/3 514/491/3 558/226/3
f  558/226/3 514/491/3 561/512/3
f  558/226/3 561/512/3 560/263/3
f  559/511/3 560/263/3 562/262/3
f  560/263/3 561/512/3 563/513/3
f  560/263/3 563/513/3 562/262/3
f  559/511/3 562/262/3 564/514/3
f  565/237/3 559/511/3 564/514/3
f  555/232/3 559/511/3 565/237/3
f  565/237/3 564/514/3 566/243/3
f  567/515/3 565/237/3 566/243/3
f  568/516/3 555/232/3 565/237/3
f  568/516/3 565/237/3 567/515/3
f  554/509/3 555/232/3 568/516/3
f  569/246/3 554/509/3 568/516/3
f  569/246/3 568/516/3 570/247/3
f  570/247/3 568/516/3 567/515/3
f  567/515/3 566/243/3 571/517/3
f  572/249/3 567/515/3 571/517/3
f  570/247/3 567/515/3 572/249/3
f  572/249/3 571/517/3 573/250/3
f  553/251/3 554/509/3 569/246/3
f  561/512/3 574/271/3 563/513/3
f  561/512/3 507/270/3 574/271/3
f  514/491/3 507/270/3 561/512/3
f  507/270/3 506/487/3 574/271/3
f  557/219/3 513/490/3 514/491/3
f  521/213/3 513/490/3 557/219/3
f  544/505/3 521/213/3 557/219/3
f  501/168/3 541/503/3 547/256/3
f  501/168/3 499/484/3 541/503/3
f  499/484/3 538/260/3 541/503/3
f  499/484/3 496/162/3 538/260/3
f  575/518/4 576/519/4 395/276/4
f  575/518/4 395/276/4 392/520/4
f  577/521/4 575/518/4 392/520/4
f  578/292/4 579/522/4 575/518/4
f  578/292/4 575/518/4 577/521/4
f  579/522/4 576/519/4 575/518/4
f  579/522/4 580/275/4 576/519/4
f  581/523/4 580/275/4 579/522/4
f  582/524/4 581/523/4 579/522/4
f  582/524/4 579/522/4 578/292/4
f  583/525/4 582/524/4 578/292/4
f  583/525/4 578/292/4 584/526/4
f  584/526/4 578/292/4 577/521/4
f  585/285/4 581/523/4 582/524/4
f  586/527/4 585/285/4 582/524/4
f  586/527/4 582/524/4 583/525/4
f  581/523/4 587/528/4 580/275/4
f  585/285/4 588/529/4 581/523/4
f  588/529/4 587/528/4 581/523/4
f  589/530/4 590/531/4 585/285/4
f  589/530/4 585/285/4 586/527/4
f  590/531/4 588/529/4 585/285/4
f  591/294/4 586/527/4 583/525/4
f  592/532/4 589/530/4 586/527/4
f  592/532/4 586/527/4 591/294/4
f  593/291/4 594/533/4 589/530/4
f  593/291/4 589/530/4 592/532/4
f  594/533/4 590/531/4 589/530/4
f  594/533/4 595/284/4 590/531/4
f  590/531/4 596/534/4 588/529/4
f  595/284/4 596/534/4 590/531/4
f  597/535/4 595/284/4 594/533/4
f  598/536/4 597/535/4 594/533/4
f  598/536/4 594/533/4 593/291/4
f  599/537/4 598/536/4 593/291/4
f  599/537/4 593/291/4 600/538/4
f  600/538/4 593/291/4 592/532/4
f  564/514/4 562/262/4 598/536/4
f  564/514/4 598/536/4 599/537/4
f  562/262/4 597/535/4 598/536/4
f  597/535/4 601/539/4 595/284/4
f  562/262/4 563/513/4 597/535/4
f  563/513/4 601/539/4 597/535/4
f  601/539/4 602/540/4 603/541/4
f  601/539/4 603/541/4 595/284/4
f  574/271/4 602/540/4 601/539/4
f  563/513/4 574/271/4 601/539/4
f  602/540/4 604/542/4 605/286/4
f  602/540/4 605/286/4 603/541/4
f  574/271/4 506/487/4 602/540/4
f  506/487/4 604/542/4 602/540/4
f  595/284/4 603/541/4 596/534/4
f  603/541/4 605/286/4 606/543/4
f  603/541/4 606/543/4 596/534/4
f  596/534/4 606/543/4 607/281/4
f  596/534/4 607/281/4 588/529/4
f  588/529/4 607/281/4 587/528/4
f  506/487/4 505/172/4 604/542/4
f  608/544/4 599/537/4 600/538/4
f  566/243/4 564/514/4 599/537/4
f  566/243/4 599/537/4 608/544/4
f  608/544/4 600/538/4 609/309/4
f  609/309/4 600/538/4 610/545/4
f  600/538/4 592/532/4 610/545/4
f  611/546/4 608/544/4 609/309/4
f  611/546/4 609/309/4 612/547/4
f  612/547/4 609/309/4 613/548/4
f  609/309/4 610/545/4 613/548/4
f  610/545/4 592/532/4 591/294/4
f  610/545/4 591/294/4 614/549/4
f  613/548/4 610/545/4 614/549/4
f  615/550/4 613/548/4 616/310/4
f  612/547/4 613/548/4 615/550/4
f  613/548/4 614/549/4 616/310/4
f  617/551/4 611/546/4 612/547/4
f  617/551/4 612/547/4 172/325/4
f  172/325/4 612/547/4 615/550/4
f  615/550/4 616/310/4 618/552/4
f  284/553/4 615/550/4 618/552/4
f  172/325/4 615/550/4 284/553/4
f  616/310/4 614/549/4 619/554/4
f  616/310/4 619/554/4 620/555/4
f  618/552/4 616/310/4 620/555/4
f  279/323/4 618/552/4 621/556/4
f  618/552/4 620/555/4 621/556/4
f  284/553/4 618/552/4 279/323/4
f  621/556/4 620/555/4 622/313/4
f  620/555/4 619/554/4 623/557/4
f  620/555/4 623/557/4 622/313/4
f  619/554/4 624/558/4 625/300/4
f  619/554/4 625/300/4 623/557/4
f  614/549/4 624/558/4 619/554/4
f  622/313/4 623/557/4 626/559/4
f  623/557/4 625/300/4 627/560/4
f  623/557/4 627/560/4 626/559/4
f  624/558/4 584/526/4 625/300/4
f  625/300/4 584/526/4 628/561/4
f  625/300/4 628/561/4 627/560/4
f  626/559/4 627/560/4 384/301/4
f  627/560/4 628/561/4 386/562/4
f  627/560/4 386/562/4 384/301/4
f  626/559/4 384/301/4 383/563/4
f  629/564/4 626/559/4 383/563/4
f  622/313/4 626/559/4 629/564/4
f  629/564/4 383/563/4 397/318/4
f  630/565/4 629/564/4 397/318/4
f  631/566/4 622/313/4 629/564/4
f  631/566/4 629/564/4 630/565/4
f  621/556/4 622/313/4 631/566/4
f  275/567/4 621/556/4 631/566/4
f  275/567/4 631/566/4 41/322/4
f  41/322/4 631/566/4 630/565/4
f  630/565/4 397/318/4 435/568/4
f  632/569/4 630/565/4 435/568/4
f  41/322/4 630/565/4 632/569/4
f  632/569/4 435/568/4 434/324/4
f  279/323/4 621/556/4 275/567/4
f  628/561/4 389/297/4 386/562/4
f  628/561/4 577/521/4 389/297/4
f  584/526/4 577/521/4 628/561/4
f  577/521/4 392/520/4 389/297/4
f  624/558/4 583/525/4 584/526/4
f  591/294/4 583/525/4 624/558/4
f  614/549/4 591/294/4 624/558/4
f  573/250/4 611/546/4 617/551/4
f  573/250/4 571/517/4 611/546/4
f  571/517/4 608/544/4 611/546/4
f  571/517/4 566/243/4 608/544/4
f  633/570/5 572/249/5 573/250/5
f  633/570/5 573/250/5 617/571/5
f  171/326/5 633/570/5 617/571/5
f  177/330/5 634/572/5 633/570/5
f  177/330/5 633/570/5 171/326/5
f  634/572/5 572/249/5 633/570/5
f  634/572/5 570/247/5 572/249/5
f  635/573/5 570/247/5 634/572/5
f  184/331/5 635/573/5 634/572/5
f  184/331/5 634/572/5 177/330/5
f  340/574/5 184/331/5 177/330/5
f  340/574/5 177/330/5 341/575/5
f  341/575/5 177/330/5 171/326/5
f  204/337/5 635/573/5 184/331/5
f  343/576/5 204/337/5 184/331/5
f  343/576/5 184/331/5 340/574/5
f  635/573/5 569/246/5 570/247/5
f  204/337/5 636/577/5 635/573/5
f  636/577/5 569/246/5 635/573/5
f  345/578/5 203/344/5 204/337/5
f  345/578/5 204/337/5 343/576/5
f  203/344/5 636/577/5 204/337/5
f  342/335/5 343/576/5 340/574/5
f  346/339/5 345/578/5 343/576/5
f  346/339/5 343/576/5 342/335/5
f  349/345/5 347/579/5 345/578/5
f  349/345/5 345/578/5 346/339/5
f  347/579/5 203/344/5 345/578/5
f  347/579/5 202/349/5 203/344/5
f  203/344/5 637/580/5 636/577/5
f  202/349/5 637/580/5 203/344/5
f  350/581/5 202/349/5 347/579/5
f  351/348/5 350/581/5 347/579/5
f  351/348/5 347/579/5 349/345/5
f  353/582/5 351/348/5 349/345/5
f  353/582/5 349/345/5 352/583/5
f  352/583/5 349/345/5 346/339/5
f  130/584/5 125/351/5 351/348/5
f  130/584/5 351/348/5 353/582/5
f  125/351/5 350/581/5 351/348/5
f  350/581/5 201/350/5 202/349/5
f  125/351/5 119/585/5 350/581/5
f  119/585/5 201/350/5 350/581/5
f  201/350/5 638/586/5 639/587/5
f  201/350/5 639/587/5 202/349/5
f  120/352/5 638/586/5 201/350/5
f  119/585/5 120/352/5 201/350/5
f  638/586/5 547/256/5 548/254/5
f  638/586/5 548/254/5 639/587/5
f  120/352/5 500/588/5 638/586/5
f  500/588/5 547/256/5 638/586/5
f  202/349/5 639/587/5 637/580/5
f  639/587/5 548/254/5 550/252/5
f  639/587/5 550/252/5 637/580/5
f  637/580/5 550/252/5 553/251/5
f  637/580/5 553/251/5 636/577/5
f  636/577/5 553/251/5 569/246/5
f  500/588/5 501/168/5 547/256/5
f  2/346/5 353/582/5 352/583/5
f  3/353/5 130/584/5 353/582/5
f  3/353/5 353/582/5 2/346/5
f  2/346/5 352/583/5 8/343/5
f  8/343/5 352/583/5 348/589/5
f  352/583/5 346/339/5 348/589/5
f  640/590/5 2/346/5 8/343/5
f  640/590/5 8/343/5 641/591/5
f  641/591/5 8/343/5 15/338/5
f  8/343/5 348/589/5 15/338/5
f  348/589/5 346/339/5 342/335/5
f  348/589/5 342/335/5 344/592/5
f  15/338/5 348/589/5 344/592/5
f  642/593/5 15/338/5 40/336/5
f  641/591/5 15/338/5 642/593/5
f  15/338/5 344/592/5 40/336/5
f  431/347/5 640/590/5 641/591/5
f  431/347/5 641/591/5 429/342/5
f  429/342/5 641/591/5 642/593/5
f  642/593/5 40/336/5 643/594/5
f  428/341/5 642/593/5 643/594/5
f  429/342/5 642/593/5 428/341/5
f  40/336/5 344/592/5 338/595/5
f  40/336/5 338/595/5 39/333/5
f  643/594/5 40/336/5 39/333/5
f  412/340/5 643/594/5 644/596/5
f  643/594/5 39/333/5 644/596/5
f  428/341/5 643/594/5 412/340/5
f  644/596/5 39/333/5 38/334/5
f  39/333/5 338/595/5 337/597/5
f  39/333/5 337/597/5 38/334/5
f  338/595/5 339/332/5 336/329/5
f  338/595/5 336/329/5 337/597/5
f  344/592/5 339/332/5 338/595/5
f  38/334/5 337/597/5 334/598/5
f  337/597/5 336/329/5 335/328/5
f  337/597/5 335/328/5 334/598/5
f  339/332/5 341/575/5 336/329/5
f  336/329/5 341/575/5 354/599/5
f  336/329/5 354/599/5 335/328/5
f  334/598/5 335/328/5 279/359/5
f  335/328/5 354/599/5 284/600/5
f  335/328/5 284/600/5 279/359/5
f  334/598/5 279/359/5 275/601/5
f  37/357/5 334/598/5 275/601/5
f  38/334/5 334/598/5 37/357/5
f  37/357/5 275/601/5 41/360/5
f  645/602/5 37/357/5 41/360/5
f  646/603/5 38/334/5 37/357/5
f  646/603/5 37/357/5 645/602/5
f  644/596/5 38/334/5 646/603/5
f  409/355/5 644/596/5 646/603/5
f  409/355/5 646/603/5 407/356/5
f  407/356/5 646/603/5 645/602/5
f  645/602/5 41/360/5 632/604/5
f  406/358/5 645/602/5 632/604/5
f  407/356/5 645/602/5 406/358/5
f  406/358/5 632/604/5 434/361/5
f  412/340/5 644/596/5 409/355/5
f  354/599/5 172/327/5 284/600/5
f  354/599/5 171/326/5 172/327/5
f  341/575/5 171/326/5 354/599/5
f  171/326/5 617/571/5 172/327/5
f  339/332/5 340/574/5 341/575/5
f  342/335/5 340/574/5 339/332/5
f  344/592/5 342/335/5 339/332/5
f  432/354/5 640/590/5 431/347/5
f  432/354/5 480/605/5 640/590/5
f  480/605/5 2/346/5 640/590/5
f  480/605/5 3/353/5 2/346/5
f  647/606/6 390/363/6 395/364/6
f  647/606/6 395/364/6 576/607/6
f  648/362/6 647/606/6 576/607/6
f  649/368/6 650/608/6 647/606/6
f  649/368/6 647/606/6 648/362/6
f  650/608/6 390/363/6 647/606/6
f  650/608/6 391/369/6 390/363/6
f  651/609/6 391/369/6 650/608/6
f  652/370/6 651/609/6 650/608/6
f  652/370/6 650/608/6 649/368/6
f  653/610/6 652/370/6 649/368/6
f  653/610/6 649/368/6 654/611/6
f  654/611/6 649/368/6 648/362/6
f  655/377/6 651/609/6 652/370/6
f  656/612/6 655/377/6 652/370/6
f  656/612/6 652/370/6 653/610/6
f  651/609/6 393/376/6 391/369/6
f  655/377/6 657/613/6 651/609/6
f  657/613/6 393/376/6 651/609/6
f  658/614/6 659/381/6 655/377/6
f  658/614/6 655/377/6 656/612/6
f  659/381/6 657/613/6 655/377/6
f  660/374/6 656/612/6 653/610/6
f  661/379/6 658/614/6 656/612/6
f  661/379/6 656/612/6 660/374/6
f  662/382/6 663/615/6 658/614/6
f  662/382/6 658/614/6 661/379/6
f  663/615/6 659/381/6 658/614/6
f  663/615/6 664/385/6 659/381/6
f  659/381/6 665/616/6 657/613/6
f  664/385/6 665/616/6 659/381/6
f  666/617/6 664/385/6 663/615/6
f  667/384/6 666/617/6 663/615/6
f  667/384/6 663/615/6 662/382/6
f  668/618/6 667/384/6 662/382/6
f  668/618/6 662/382/6 669/619/6
f  669/619/6 662/382/6 661/379/6
f  450/620/6 470/391/6 667/384/6
f  450/620/6 667/384/6 668/618/6
f  470/391/6 666/617/6 667/384/6
f  666/617/6 670/388/6 664/385/6
f  470/391/6 469/621/6 666/617/6
f  469/621/6 670/388/6 666/617/6
f  670/388/6 671/622/6 672/623/6
f  670/388/6 672/623/6 664/385/6
f  468/392/6 671/622/6 670/388/6
f  469/621/6 468/392/6 670/388/6
f  671/622/6 356/390/6 362/389/6
f  671/622/6 362/389/6 672/623/6
f  468/392/6 467/624/6 671/622/6
f  467/624/6 356/390/6 671/622/6
f  664/385/6 672/623/6 665/616/6
f  672/623/6 362/389/6 369/386/6
f  672/623/6 369/386/6 665/616/6
f  665/616/6 369/386/6 394/387/6
f  665/616/6 394/387/6 657/613/6
f  657/613/6 394/387/6 393/376/6
f  467/624/6 357/393/6 356/390/6
f  673/383/6 668/618/6 669/619/6
f  443/394/6 450/620/6 668/618/6
f  443/394/6 668/618/6 673/383/6
f  673/383/6 669/619/6 674/380/6
f  674/380/6 669/619/6 675/625/6
f  669/619/6 661/379/6 675/625/6
f  676/626/6 673/383/6 674/380/6
f  676/626/6 674/380/6 677/627/6
f  677/627/6 674/380/6 678/378/6
f  674/380/6 675/625/6 678/378/6
f  675/625/6 661/379/6 660/374/6
f  675/625/6 660/374/6 679/628/6
f  678/378/6 675/625/6 679/628/6
f  680/629/6 678/378/6 681/375/6
f  677/627/6 678/378/6 680/629/6
f  678/378/6 679/628/6 681/375/6
f  534/201/6 676/626/6 677/627/6
f  534/201/6 677/627/6 535/202/6
f  535/202/6 677/627/6 680/629/6
f  680/629/6 681/375/6 682/630/6
f  536/203/6 680/629/6 682/630/6
f  535/202/6 680/629/6 536/203/6
f  681/375/6 679/628/6 683/631/6
f  681/375/6 683/631/6 684/372/6
f  682/630/6 681/375/6 684/372/6
f  537/204/6 682/630/6 685/632/6
f  682/630/6 684/372/6 685/632/6
f  536/203/6 682/630/6 537/204/6
f  685/632/6 684/372/6 686/373/6
f  684/372/6 683/631/6 687/633/6
f  684/372/6 687/633/6 686/373/6
f  683/631/6 688/371/6 689/367/6
f  683/631/6 689/367/6 687/633/6
f  679/628/6 688/371/6 683/631/6
f  686/373/6 687/633/6 690/634/6
f  687/633/6 689/367/6 691/366/6
f  687/633/6 691/366/6 690/634/6
f  688/371/6 654/611/6 689/367/6
f  689/367/6 654/611/6 692/635/6
f  689/367/6 692/635/6 691/366/6
f  690/634/6 691/366/6 607/396/6
f  691/366/6 692/635/6 587/636/6
f  691/366/6 587/636/6 607/396/6
f  690/634/6 607/396/6 606/637/6
f  693/395/6 690/634/6 606/637/6
f  686/373/6 690/634/6 693/395/6
f  693/395/6 606/637/6 605/397/6
f  694/638/6 693/395/6 605/397/6
f  695/639/6 686/373/6 693/395/6
f  695/639/6 693/395/6 694/638/6
f  685/632/6 686/373/6 695/639/6
f  517/184/6 685/632/6 695/639/6
f  517/184/6 695/639/6 510/177/6
f  510/177/6 695/639/6 694/638/6
f  694/638/6 605/397/6 604/640/6
f  504/171/6 694/638/6 604/640/6
f  510/177/6 694/638/6 504/171/6
f  504/171/6 604/640/6 505/172/6
f  537/204/6 685/632/6 517/184/6
f  692/635/6 580/365/6 587/636/6
f  692/635/6 648/362/6 580/365/6
f  654/611/6 648/362/6 692/635/6
f  648/362/6 576/607/6 580/365/6
f  688/371/6 653/610/6 654/611/6
f  660/374/6 653/610/6 688/371/6
f  679/628/6 660/374/6 688/371/6
f  438/120/6 676/626/6 534/201/6
f  438/120/6 437/641/6 676/626/6
f  437/641/6 673/383/6 676/626/6
f  437/641/6 443/394/6 673/383/6
f  696/7/1 697/8/1 698/3/1
f  696/7/1 698/3/1 699/4/1
f  700/6/1 696/7/1 699/4/1
f  701/13/1 702/16/1 696/7/1
f  701/13/1 696/7/1 700/6/1
f  702/16/1 697/8/1 696/7/1
f  702/16/1 703/40/1 697/8/1
f  704/24/1 705/35/1 702/16/1
f  704/24/1 702/16/1 701/13/1
f  705/35/1 703/40/1 702/16/1
f  706/22/1 704/24/1 701/13/1
f  706/22/1 701/13/1 707/14/1
f  707/14/1 701/13/1 700/6/1
f  117/33/1 705/35/1 704/24/1
f  115/32/1 117/33/1 704/24/1
f  115/32/1 704/24/1 706/22/1
f  117/33/1 4/36/1 705/35/1
f  4/36/1 708/38/1 705/35/1
f  705/35/1 708/38/1 703/40/1
f  4/36/1 3/41/1 708/38/1
f  110/30/1 115/32/1 706/22/1
f  110/30/1 706/22/1 709/21/1
f  709/21/1 706/22/1 707/14/1
f  108/29/1 110/30/1 709/21/1
f  709/21/1 707/14/1 710/19/1
f  108/29/1 709/21/1 711/28/1
f  711/28/1 709/21/1 710/19/1
f  106/43/1 108/29/1 711/28/1
f  711/28/1 710/19/1 712/49/1
f  106/43/1 711/28/1 713/44/1
f  713/44/1 711/28/1 712/49/1
f  710/19/1 707/14/1 714/12/1
f  710/19/1 714/12/1 715/113/1
f  712/49/1 710/19/1 715/113/1
f  712/49/1 715/113/1 716/112/1
f  713/44/1 712/49/1 717/51/1
f  717/51/1 712/49/1 716/112/1
f  105/104/1 106/43/1 713/44/1
f  105/104/1 713/44/1 718/47/1
f  718/47/1 713/44/1 717/51/1
f  717/51/1 716/112/1 719/64/1
f  718/47/1 717/51/1 720/54/1
f  720/54/1 717/51/1 719/64/1
f  719/64/1 716/112/1 721/108/1
f  716/112/1 715/113/1 722/110/1
f  716/112/1 722/110/1 721/108/1
f  723/65/1 719/64/1 724/106/1
f  719/64/1 721/108/1 724/106/1
f  720/54/1 719/64/1 723/65/1
f  725/53/1 718/47/1 720/54/1
f  725/53/1 720/54/1 726/58/1
f  726/58/1 720/54/1 723/65/1
f  727/67/1 723/65/1 728/105/1
f  723/65/1 724/106/1 728/105/1
f  726/58/1 723/65/1 727/67/1
f  729/61/1 725/53/1 726/58/1
f  729/61/1 726/58/1 730/62/1
f  730/62/1 726/58/1 727/67/1
f  80/103/1 718/47/1 725/53/1
f  81/102/1 80/103/1 725/53/1
f  81/102/1 725/53/1 729/61/1
f  83/100/1 81/102/1 729/61/1
f  83/100/1 729/61/1 731/96/1
f  731/96/1 729/61/1 730/62/1
f  730/62/1 727/67/1 732/70/1
f  731/96/1 730/62/1 733/68/1
f  733/68/1 730/62/1 732/70/1
f  86/99/1 83/100/1 731/96/1
f  86/99/1 731/96/1 734/93/1
f  734/93/1 731/96/1 733/68/1
f  733/68/1 732/70/1 735/74/1
f  734/93/1 733/68/1 736/77/1
f  736/77/1 733/68/1 735/74/1
f  735/74/1 732/70/1 737/81/1
f  732/70/1 727/67/1 738/80/1
f  732/70/1 738/80/1 737/81/1
f  739/78/1 735/74/1 740/83/1
f  735/74/1 737/81/1 740/83/1
f  736/77/1 735/74/1 739/78/1
f  741/92/1 734/93/1 736/77/1
f  741/92/1 736/77/1 742/89/1
f  742/89/1 736/77/1 739/78/1
f  743/85/1 739/78/1 744/86/1
f  739/78/1 740/83/1 744/86/1
f  742/89/1 739/78/1 743/85/1
f  743/85/1 744/86/1 745/88/1
f  88/98/1 734/93/1 741/92/1
f  88/98/1 86/99/1 734/93/1
f  727/67/1 728/105/1 738/80/1
f  80/103/1 105/104/1 718/47/1
f  715/113/1 746/115/1 722/110/1
f  715/113/1 714/12/1 746/115/1
f  714/12/1 747/117/1 746/115/1
f  714/12/1 700/6/1 747/117/1
f  707/14/1 700/6/1 714/12/1
f  700/6/1 699/4/1 747/117/1
f  748/118/2 749/119/2 750/120/2
f  748/118/2 750/120/2 751/121/2
f  752/122/2 748/118/2 751/121/2
f  753/123/2 754/124/2 748/118/2
f  753/123/2 748/118/2 752/122/2
f  754/124/2 749/119/2 748/118/2
f  754/124/2 755/125/2 749/119/2
f  756/127/2 757/126/2 754/124/2
f  756/127/2 754/124/2 753/123/2
f  757/126/2 755/125/2 754/124/2
f  758/128/2 756/127/2 753/123/2
f  758/128/2 753/123/2 759/129/2
f  759/129/2 753/123/2 752/122/2
f  747/117/2 757/126/2 756/127/2
f  746/115/2 747/117/2 756/127/2
f  746/115/2 756/127/2 758/128/2
f  747/117/2 699/4/2 757/126/2
f  699/4/2 760/130/2 757/126/2
f  757/126/2 760/130/2 755/125/2
f  699/4/2 698/3/2 760/130/2
f  722/110/2 746/115/2 758/128/2
f  722/110/2 758/128/2 761/131/2
f  761/131/2 758/128/2 759/129/2
f  721/108/2 722/110/2 761/131/2
f  761/131/2 759/129/2 762/133/2
f  721/108/2 761/131/2 763/132/2
f  763/132/2 761/131/2 762/133/2
f  724/106/2 721/108/2 763/132/2
f  763/132/2 762/133/2 764/134/2
f  724/106/2 763/132/2 765/135/2
f  765/135/2 763/132/2 764/134/2
f  762/133/2 759/129/2 766/136/2
f  762/133/2 766/136/2 767/137/2
f  764/134/2 762/133/2 767/137/2
f  764/134/2 767/137/2 768/139/2
f  765/135/2 764/134/2 769/138/2
f  769/138/2 764/134/2 768/139/2
f  728/105/2 724/106/2 765/135/2
f  728/105/2 765/135/2 770/151/2
f  770/151/2 765/135/2 769/138/2
f  769/138/2 768/139/2 771/144/2
f  770/151/2 769/138/2 772/147/2
f  772/147/2 769/138/2 771/144/2
f  771/144/2 768/139/2 773/143/2
f  768/139/2 767/137/2 774/140/2
f  768/139/2 774/140/2 773/143/2
f  775/146/2 771/144/2 776/145/2
f  771/144/2 773/143/2 776/145/2
f  772/147/2 771/144/2 775/146/2
f  777/152/2 770/151/2 772/147/2
f  777/152/2 772/147/2 778/150/2
f  778/150/2 772/147/2 775/146/2
f  779/149/2 775/146/2 780/148/2
f  775/146/2 776/145/2 780/148/2
f  778/150/2 775/146/2 779/149/2
f  781/153/2 777/152/2 778/150/2
f  781/153/2 778/150/2 782/154/2
f  782/154/2 778/150/2 779/149/2
f  738/80/2 770/151/2 777/152/2
f  737/81/2 738/80/2 777/152/2
f  737/81/2 777/152/2 781/153/2
f  740/83/2 737/81/2 781/153/2
f  740/83/2 781/153/2 783/155/2
f  783/155/2 781/153/2 782/154/2
f  782/154/2 779/149/2 784/157/2
f  783/155/2 782/154/2 785/156/2
f  785/156/2 782/154/2 784/157/2
f  744/86/2 740/83/2 783/155/2
f  744/86/2 783/155/2 786/158/2
f  786/158/2 783/155/2 785/156/2
f  785/156/2 784/157/2 787/160/2
f  786/158/2 785/156/2 788/159/2
f  788/159/2 785/156/2 787/160/2
f  787/160/2 784/157/2 789/162/2
f  784/157/2 779/149/2 790/161/2
f  784/157/2 790/161/2 789/162/2
f  791/164/2 787/160/2 792/163/2
f  787/160/2 789/162/2 792/163/2
f  788/159/2 787/160/2 791/164/2
f  793/169/2 786/158/2 788/159/2
f  793/169/2 788/159/2 794/167/2
f  794/167/2 788/159/2 791/164/2
f  795/166/2 791/164/2 796/165/2
f  791/164/2 792/163/2 796/165/2
f  794/167/2 791/164/2 795/166/2
f  795/166/2 796/165/2 797/168/2
f  745/88/2 786/158/2 793/169/2
f  745/88/2 744/86/2 786/158/2
f  779/149/2 780/148/2 790/161/2
f  738/80/2 728/105/2 770/151/2
f  767/137/2 798/141/2 774/140/2
f  767/137/2 766/136/2 798/141/2
f  766/136/2 799/142/2 798/141/2
f  766/136/2 752/122/2 799/142/2
f  759/129/2 752/122/2 766/136/2
f  752/122/2 751/121/2 799/142/2
f  800/176/3 801/177/3 120/172/3
f  800/176/3 120/172/3 121/173/3
f  802/175/3 800/176/3 121/173/3
f  803/182/3 804/185/3 800/176/3
f  803/182/3 800/176/3 802/175/3
f  804/185/3 801/177/3 800/176/3
f  804/185/3 805/204/3 801/177/3
f  806/193/3 807/200/3 804/185/3
f  806/193/3 804/185/3 803/182/3
f  807/200/3 805/204/3 804/185/3
f  808/191/3 806/193/3 803/182/3
f  808/191/3 803/182/3 809/183/3
f  809/183/3 803/182/3 802/175/3
f  799/142/3 807/200/3 806/193/3
f  798/141/3 799/142/3 806/193/3
f  798/141/3 806/193/3 808/191/3
f  799/142/3 751/121/3 807/200/3
f  751/121/3 810/202/3 807/200/3
f  807/200/3 810/202/3 805/204/3
f  751/121/3 750/120/3 810/202/3
f  774/140/3 798/141/3 808/191/3
f  774/140/3 808/191/3 811/190/3
f  811/190/3 808/191/3 809/183/3
f  773/143/3 774/140/3 811/190/3
f  811/190/3 809/183/3 812/188/3
f  773/143/3 811/190/3 813/197/3
f  813/197/3 811/190/3 812/188/3
f  776/145/3 773/143/3 813/197/3
f  813/197/3 812/188/3 814/211/3
f  776/145/3 813/197/3 815/206/3
f  815/206/3 813/197/3 814/211/3
f  812/188/3 809/183/3 816/181/3
f  812/188/3 816/181/3 817/269/3
f  814/211/3 812/188/3 817/269/3
f  814/211/3 817/269/3 818/268/3
f  815/206/3 814/211/3 819/213/3
f  819/213/3 814/211/3 818/268/3
f  780/148/3 776/145/3 815/206/3
f  780/148/3 815/206/3 820/209/3
f  820/209/3 815/206/3 819/213/3
f  819/213/3 818/268/3 821/226/3
f  820/209/3 819/213/3 822/216/3
f  822/216/3 819/213/3 821/226/3
f  821/226/3 818/268/3 143/264/3
f  818/268/3 817/269/3 140/266/3
f  818/268/3 140/266/3 143/264/3
f  823/227/3 821/226/3 145/262/3
f  821/226/3 143/264/3 145/262/3
f  822/216/3 821/226/3 823/227/3
f  824/215/3 820/209/3 822/216/3
f  824/215/3 822/216/3 825/220/3
f  825/220/3 822/216/3 823/227/3
f  826/229/3 823/227/3 148/261/3
f  823/227/3 145/262/3 148/261/3
f  825/220/3 823/227/3 826/229/3
f  827/223/3 824/215/3 825/220/3
f  827/223/3 825/220/3 828/224/3
f  828/224/3 825/220/3 826/229/3
f  790/161/3 820/209/3 824/215/3
f  789/162/3 790/161/3 824/215/3
f  789/162/3 824/215/3 827/223/3
f  792/163/3 789/162/3 827/223/3
f  792/163/3 827/223/3 829/258/3
f  829/258/3 827/223/3 828/224/3
f  828/224/3 826/229/3 830/232/3
f  829/258/3 828/224/3 831/230/3
f  831/230/3 828/224/3 830/232/3
f  796/165/3 792/163/3 829/258/3
f  796/165/3 829/258/3 832/255/3
f  832/255/3 829/258/3 831/230/3
f  831/230/3 830/232/3 833/236/3
f  832/255/3 831/230/3 834/239/3
f  834/239/3 831/230/3 833/236/3
f  833/236/3 830/232/3 162/243/3
f  830/232/3 826/229/3 161/242/3
f  830/232/3 161/242/3 162/243/3
f  835/240/3 833/236/3 163/245/3
f  833/236/3 162/243/3 163/245/3
f  834/239/3 833/236/3 835/240/3
f  836/254/3 832/255/3 834/239/3
f  836/254/3 834/239/3 837/251/3
f  837/251/3 834/239/3 835/240/3
f  838/247/3 835/240/3 165/248/3
f  835/240/3 163/245/3 165/248/3
f  837/251/3 835/240/3 838/247/3
f  838/247/3 165/248/3 168/250/3
f  797/168/3 832/255/3 836/254/3
f  797/168/3 796/165/3 832/255/3
f  826/229/3 148/261/3 161/242/3
f  790/161/3 780/148/3 820/209/3
f  817/269/3 141/271/3 140/266/3
f  817/269/3 816/181/3 141/271/3
f  816/181/3 142/273/3 141/271/3
f  816/181/3 802/175/3 142/273/3
f  809/183/3 802/175/3 816/181/3
f  802/175/3 121/173/3 142/273/3
f  126/274/4 130/275/4 3/276/4
f  126/274/4 3/276/4 4/277/4
f  127/278/4 126/274/4 4/277/4
f  123/279/4 124/280/4 126/274/4
f  123/279/4 126/274/4 127/278/4
f  124/280/4 130/275/4 126/274/4
f  124/280/4 125/281/4 130/275/4
f  122/283/4 118/282/4 124/280/4
f  122/283/4 124/280/4 123/279/4
f  118/282/4 125/281/4 124/280/4
f  136/284/4 122/283/4 123/279/4
f  136/284/4 123/279/4 129/285/4
f  129/285/4 123/279/4 127/278/4
f  142/273/4 118/282/4 122/283/4
f  141/271/4 142/273/4 122/283/4
f  141/271/4 122/283/4 136/284/4
f  142/273/4 121/173/4 118/282/4
f  121/173/4 119/286/4 118/282/4
f  118/282/4 119/286/4 125/281/4
f  121/173/4 120/172/4 119/286/4
f  140/266/4 141/271/4 136/284/4
f  140/266/4 136/284/4 137/287/4
f  137/287/4 136/284/4 129/285/4
f  143/264/4 140/266/4 137/287/4
f  137/287/4 129/285/4 133/289/4
f  143/264/4 137/287/4 139/288/4
f  139/288/4 137/287/4 133/289/4
f  145/262/4 143/264/4 139/288/4
f  139/288/4 133/289/4 134/290/4
f  145/262/4 139/288/4 144/291/4
f  144/291/4 139/288/4 134/290/4
f  133/289/4 129/285/4 128/292/4
f  133/289/4 128/292/4 131/293/4
f  134/290/4 133/289/4 131/293/4
f  134/290/4 131/293/4 132/295/4
f  144/291/4 134/290/4 138/294/4
f  138/294/4 134/290/4 132/295/4
f  148/261/4 145/262/4 144/291/4
f  148/261/4 144/291/4 146/307/4
f  146/307/4 144/291/4 138/294/4
f  138/294/4 132/295/4 135/300/4
f  146/307/4 138/294/4 147/303/4
f  147/303/4 138/294/4 135/300/4
f  135/300/4 132/295/4 108/299/4
f  132/295/4 131/293/4 110/296/4
f  132/295/4 110/296/4 108/299/4
f  151/302/4 135/300/4 106/301/4
f  135/300/4 108/299/4 106/301/4
f  147/303/4 135/300/4 151/302/4
f  149/308/4 146/307/4 147/303/4
f  149/308/4 147/303/4 150/306/4
f  150/306/4 147/303/4 151/302/4
f  152/305/4 151/302/4 105/304/4
f  151/302/4 106/301/4 105/304/4
f  150/306/4 151/302/4 152/305/4
f  157/309/4 149/308/4 150/306/4
f  157/309/4 150/306/4 154/310/4
f  154/310/4 150/306/4 152/305/4
f  161/242/4 146/307/4 149/308/4
f  162/243/4 161/242/4 149/308/4
f  162/243/4 149/308/4 157/309/4
f  163/245/4 162/243/4 157/309/4
f  163/245/4 157/309/4 160/311/4
f  160/311/4 157/309/4 154/310/4
f  154/310/4 152/305/4 153/313/4
f  160/311/4 154/310/4 156/312/4
f  156/312/4 154/310/4 153/313/4
f  165/248/4 163/245/4 160/311/4
f  165/248/4 160/311/4 164/314/4
f  164/314/4 160/311/4 156/312/4
f  156/312/4 153/313/4 155/316/4
f  164/314/4 156/312/4 159/315/4
f  159/315/4 156/312/4 155/316/4
f  155/316/4 153/313/4 81/318/4
f  153/313/4 152/305/4 80/317/4
f  153/313/4 80/317/4 81/318/4
f  158/320/4 155/316/4 83/319/4
f  155/316/4 81/318/4 83/319/4
f  159/315/4 155/316/4 158/320/4
f  166/325/4 164/314/4 159/315/4
f  166/325/4 159/315/4 167/323/4
f  167/323/4 159/315/4 158/320/4
f  169/322/4 158/320/4 86/321/4
f  158/320/4 83/319/4 86/321/4
f  167/323/4 158/320/4 169/322/4
f  169/322/4 86/321/4 88/324/4
f  168/250/4 164/314/4 166/325/4
f  168/250/4 165/248/4 164/314/4
f  152/305/4 105/304/4 80/317/4
f  161/242/4 148/261/4 146/307/4
f  131/293/4 115/297/4 110/296/4
f  131/293/4 128/292/4 115/297/4
f  128/292/4 117/298/4 115/297/4
f  128/292/4 127/278/4 117/298/4
f  129/285/4 127/278/4 128/292/4
f  127/278/4 4/277/4 117/298/4
f  839/330/5 838/247/5 168/250/5
f  839/330/5 168/250/5 166/327/5
f  840/337/5 838/247/5 839/330/5
f  841/335/5 840/337/5 839/330/5
f  841/335/5 839/330/5 842/329/5
f  842/329/5 839/330/5 166/327/5
f  840/337/5 837/251/5 838/247/5
f  843/349/5 837/251/5 840/337/5
f  844/345/5 843/349/5 840/337/5
f  844/345/5 840/337/5 841/335/5
f  845/336/5 841/335/5 842/329/5
f  846/343/5 844/345/5 841/335/5
f  846/343/5 841/335/5 845/336/5
f  845/336/5 842/329/5 847/334/5
f  847/334/5 842/329/5 167/359/5
f  842/329/5 166/327/5 167/359/5
f  742/340/5 845/336/5 847/334/5
f  743/342/5 846/343/5 845/336/5
f  743/342/5 845/336/5 742/340/5
f  745/354/5 793/353/5 846/343/5
f  745/354/5 846/343/5 743/342/5
f  793/353/5 844/345/5 846/343/5
f  793/353/5 794/351/5 844/345/5
f  794/351/5 843/349/5 844/345/5
f  794/351/5 795/352/5 843/349/5
f  795/352/5 797/168/5 836/254/5
f  795/352/5 836/254/5 843/349/5
f  843/349/5 836/254/5 837/251/5
f  742/340/5 847/334/5 741/356/5
f  741/356/5 847/334/5 169/360/5
f  741/356/5 169/360/5 88/361/5
f  847/334/5 167/359/5 169/360/5
f  848/368/6 708/369/6 3/364/6
f  848/368/6 3/364/6 130/365/6
f  849/377/6 708/369/6 848/368/6
f  850/374/6 849/377/6 848/368/6
f  850/374/6 848/368/6 851/367/6
f  851/367/6 848/368/6 130/365/6
f  849/377/6 703/387/6 708/369/6
f  852/385/6 703/387/6 849/377/6
f  853/382/6 852/385/6 849/377/6
f  853/382/6 849/377/6 850/374/6
f  854/375/6 850/374/6 851/367/6
f  855/380/6 853/382/6 850/374/6
f  855/380/6 850/374/6 854/375/6
f  854/375/6 851/367/6 856/373/6
f  856/373/6 851/367/6 125/396/6
f  851/367/6 130/365/6 125/396/6
f  805/204/6 854/375/6 856/373/6
f  810/202/6 855/380/6 854/375/6
f  810/202/6 854/375/6 805/204/6
f  750/120/6 749/394/6 855/380/6
f  750/120/6 855/380/6 810/202/6
f  749/394/6 853/382/6 855/380/6
f  749/394/6 755/391/6 853/382/6
f  755/391/6 852/385/6 853/382/6
f  755/391/6 760/392/6 852/385/6
f  760/392/6 698/393/6 697/389/6
f  760/392/6 697/389/6 852/385/6
f  852/385/6 697/389/6 703/387/6
f  805/204/6 856/373/6 801/177/6
f  801/177/6 856/373/6 119/397/6
f  801/177/6 119/397/6 120/172/6
f  856/373/6 125/396/6 119/397/6
f  857/7/1 858/8/1 41/3/1
f  857/7/1 41/3/1 36/4/1
f  859/6/1 857/7/1 36/4/1
f  860/13/1 861/16/1 857/7/1
f  860/13/1 857/7/1 859/6/1
f  861/16/1 858/8/1 857/7/1
f  861/16/1 862/40/1 858/8/1
f  863/24/1 864/35/1 861/16/1
f  863/24/1 861/16/1 860/13/1
f  864/35/1 862/40/1 861/16/1
f  865/22/1 863/24/1 860/13/1
f  865/22/1 860/13/1 866/14/1
f  866/14/1 860/13/1 859/6/1
f  867/33/1 864/35/1 863/24/1
f  868/32/1 867/33/1 863/24/1
f  868/32/1 863/24/1 865/22/1
f  867/33/1 869/36/1 864/35/1
f  869/36/1 870/38/1 864/35/1
f  864/35/1 870/38/1 862/40/1
f  869/36/1 871/41/1 870/38/1
f  872/30/1 868/32/1 865/22/1
f  872/30/1 865/22/1 873/21/1
f  873/21/1 865/22/1 866/14/1
f  874/29/1 872/30/1 873/21/1
f  873/21/1 866/14/1 875/19/1
f  874/29/1 873/21/1 876/28/1
f  876/28/1 873/21/1 875/19/1
f  877/43/1 874/29/1 876/28/1
f  876/28/1 875/19/1 878/49/1
f  877/43/1 876/28/1 879/44/1
f  879/44/1 876/28/1 878/49/1
f  875/19/1 866/14/1 880/12/1
f  875/19/1 880/12/1 881/113/1
f  878/49/1 875/19/1 881/113/1
f  878/49/1 881/113/1 882/112/1
f  879/44/1 878/49/1 883/51/1
f  883/51/1 878/49/1 882/112/1
f  884/104/1 877/43/1 879/44/1
f  884/104/1 879/44/1 885/47/1
f  885/47/1 879/44/1 883/51/1
f  883/51/1 882/112/1 886/64/1
f  885/47/1 883/51/1 887/54/1
f  887/54/1 883/51/1 886/64/1
f  886/64/1 882/112/1 29/108/1
f  882/112/1 881/113/1 30/110/1
f  882/112/1 30/110/1 29/108/1
f  888/65/1 886/64/1 43/106/1
f  886/64/1 29/108/1 43/106/1
f  887/54/1 886/64/1 888/65/1
f  889/53/1 885/47/1 887/54/1
f  889/53/1 887/54/1 890/58/1
f  890/58/1 887/54/1 888/65/1
f  891/67/1 888/65/1 104/105/1
f  888/65/1 43/106/1 104/105/1
f  890/58/1 888/65/1 891/67/1
f  892/61/1 889/53/1 890/58/1
f  892/61/1 890/58/1 893/62/1
f  893/62/1 890/58/1 891/67/1
f  894/103/1 885/47/1 889/53/1
f  895/102/1 894/103/1 889/53/1
f  895/102/1 889/53/1 892/61/1
f  896/100/1 895/102/1 892/61/1
f  896/100/1 892/61/1 897/96/1
f  897/96/1 892/61/1 893/62/1
f  893/62/1 891/67/1 898/70/1
f  897/96/1 893/62/1 899/68/1
f  899/68/1 893/62/1 898/70/1
f  900/99/1 896/100/1 897/96/1
f  900/99/1 897/96/1 901/93/1
f  901/93/1 897/96/1 899/68/1
f  899/68/1 898/70/1 902/74/1
f  901/93/1 899/68/1 903/77/1
f  903/77/1 899/68/1 902/74/1
f  902/74/1 898/70/1 102/81/1
f  898/70/1 891/67/1 103/80/1
f  898/70/1 103/80/1 102/81/1
f  904/78/1 902/74/1 100/83/1
f  902/74/1 102/81/1 100/83/1
f  903/77/1 902/74/1 904/78/1
f  905/92/1 901/93/1 903/77/1
f  905/92/1 903/77/1 906/89/1
f  906/89/1 903/77/1 904/78/1
f  907/85/1 904/78/1 99/86/1
f  904/78/1 100/83/1 99/86/1
f  906/89/1 904/78/1 907/85/1
f  907/85/1 99/86/1 98/88/1
f  908/98/1 901/93/1 905/92/1
f  908/98/1 900/99/1 901/93/1
f  891/67/1 104/105/1 103/80/1
f  894/103/1 884/104/1 885/47/1
f  881/113/1 32/115/1 30/110/1
f  881/113/1 880/12/1 32/115/1
f  880/12/1 33/117/1 32/115/1
f  880/12/1 859/6/1 33/117/1
f  866/14/1 859/6/1 880/12/1
f  859/6/1 36/4/1 33/117/1
f  280/118/2 284/119/2 172/120/2
f  280/118/2 172/120/2 173/121/2
f  281/122/2 280/118/2 173/121/2
f  277/123/2 278/124/2 280/118/2
f  277/123/2 280/118/2 281/122/2
f  278/124/2 284/119/2 280/118/2
f  278/124/2 279/125/2 284/119/2
f  276/127/2 274/126/2 278/124/2
f  276/127/2 278/124/2 277/123/2
f  274/126/2 279/125/2 278/124/2
f  290/128/2 276/127/2 277/123/2
f  290/128/2 277/123/2 283/129/2
f  283/129/2 277/123/2 281/122/2
f  33/117/2 274/126/2 276/127/2
f  32/115/2 33/117/2 276/127/2
f  32/115/2 276/127/2 290/128/2
f  33/117/2 36/4/2 274/126/2
f  36/4/2 275/130/2 274/126/2
f  274/126/2 275/130/2 279/125/2
f  36/4/2 41/3/2 275/130/2
f  30/110/2 32/115/2 290/128/2
f  30/110/2 290/128/2 291/131/2
f  291/131/2 290/128/2 283/129/2
f  29/108/2 30/110/2 291/131/2
f  291/131/2 283/129/2 287/133/2
f  29/108/2 291/131/2 293/132/2
f  293/132/2 291/131/2 287/133/2
f  43/106/2 29/108/2 293/132/2
f  293/132/2 287/133/2 288/134/2
f  43/106/2 293/132/2 294/135/2
f  294/135/2 293/132/2 288/134/2
f  287/133/2 283/129/2 282/136/2
f  287/133/2 282/136/2 285/137/2
f  288/134/2 287/133/2 285/137/2
f  288/134/2 285/137/2 286/139/2
f  294/135/2 288/134/2 292/138/2
f  292/138/2 288/134/2 286/139/2
f  104/105/2 43/106/2 294/135/2
f  104/105/2 294/135/2 295/151/2
f  295/151/2 294/135/2 292/138/2
f  292/138/2 286/139/2 289/144/2
f  295/151/2 292/138/2 296/147/2
f  296/147/2 292/138/2 289/144/2
f  289/144/2 286/139/2 264/143/2
f  286/139/2 285/137/2 266/140/2
f  286/139/2 266/140/2 264/143/2
f  299/146/2 289/144/2 262/145/2
f  289/144/2 264/143/2 262/145/2
f  296/147/2 289/144/2 299/146/2
f  297/152/2 295/151/2 296/147/2
f  297/152/2 296/147/2 298/150/2
f  298/150/2 296/147/2 299/146/2
f  300/149/2 299/146/2 261/148/2
f  299/146/2 262/145/2 261/148/2
f  298/150/2 299/146/2 300/149/2
f  305/153/2 297/152/2 298/150/2
f  305/153/2 298/150/2 302/154/2
f  302/154/2 298/150/2 300/149/2
f  103/80/2 295/151/2 297/152/2
f  102/81/2 103/80/2 297/152/2
f  102/81/2 297/152/2 305/153/2
f  100/83/2 102/81/2 305/153/2
f  100/83/2 305/153/2 308/155/2
f  308/155/2 305/153/2 302/154/2
f  302/154/2 300/149/2 301/157/2
f  308/155/2 302/154/2 304/156/2
f  304/156/2 302/154/2 301/157/2
f  99/86/2 100/83/2 308/155/2
f  99/86/2 308/155/2 309/158/2
f  309/158/2 308/155/2 304/156/2
f  304/156/2 301/157/2 303/160/2
f  309/158/2 304/156/2 307/159/2
f  307/159/2 304/156/2 303/160/2
f  303/160/2 301/157/2 243/162/2
f  301/157/2 300/149/2 242/161/2
f  301/157/2 242/161/2 243/162/2
f  306/164/2 303/160/2 245/163/2
f  303/160/2 243/162/2 245/163/2
f  307/159/2 303/160/2 306/164/2
f  310/169/2 309/158/2 307/159/2
f  310/169/2 307/159/2 311/167/2
f  311/167/2 307/159/2 306/164/2
f  312/166/2 306/164/2 248/165/2
f  306/164/2 245/163/2 248/165/2
f  311/167/2 306/164/2 312/166/2
f  312/166/2 248/165/2 250/168/2
f  98/88/2 309/158/2 310/169/2
f  98/88/2 99/86/2 309/158/2
f  300/149/2 261/148/2 242/161/2
f  103/80/2 104/105/2 295/151/2
f  285/137/2 271/141/2 266/140/2
f  285/137/2 282/136/2 271/141/2
f  282/136/2 273/142/2 271/141/2
f  282/136/2 281/122/2 273/142/2
f  283/129/2 281/122/2 282/136/2
f  281/122/2 173/121/2 273/142/2
f  909/176/3 910/177/3 911/172/3
f  909/176/3 911/172/3 912/173/3
f  913/175/3 909/176/3 912/173/3
f  914/182/3 915/185/3 909/176/3
f  914/182/3 909/176/3 913/175/3
f  915/185/3 910/177/3 909/176/3
f  915/185/3 916/204/3 910/177/3
f  917/193/3 918/200/3 915/185/3
f  917/193/3 915/185/3 914/182/3
f  918/200/3 916/204/3 915/185/3
f  919/191/3 917/193/3 914/182/3
f  919/191/3 914/182/3 920/183/3
f  920/183/3 914/182/3 913/175/3
f  273/142/3 918/200/3 917/193/3
f  271/141/3 273/142/3 917/193/3
f  271/141/3 917/193/3 919/191/3
f  273/142/3 173/121/3 918/200/3
f  173/121/3 921/202/3 918/200/3
f  918/200/3 921/202/3 916/204/3
f  173/121/3 172/120/3 921/202/3
f  266/140/3 271/141/3 919/191/3
f  266/140/3 919/191/3 922/190/3
f  922/190/3 919/191/3 920/183/3
f  264/143/3 266/140/3 922/190/3
f  922/190/3 920/183/3 923/188/3
f  264/143/3 922/190/3 924/197/3
f  924/197/3 922/190/3 923/188/3
f  262/145/3 264/143/3 924/197/3
f  924/197/3 923/188/3 925/211/3
f  262/145/3 924/197/3 926/206/3
f  926/206/3 924/197/3 925/211/3
f  923/188/3 920/183/3 927/181/3
f  923/188/3 927/181/3 928/269/3
f  925/211/3 923/188/3 928/269/3
f  925/211/3 928/269/3 929/268/3
f  926/206/3 925/211/3 930/213/3
f  930/213/3 925/211/3 929/268/3
f  261/148/3 262/145/3 926/206/3
f  261/148/3 926/206/3 931/209/3
f  931/209/3 926/206/3 930/213/3
f  930/213/3 929/268/3 932/226/3
f  931/209/3 930/213/3 933/216/3
f  933/216/3 930/213/3 932/226/3
f  932/226/3 929/268/3 934/264/3
f  929/268/3 928/269/3 935/266/3
f  929/268/3 935/266/3 934/264/3
f  936/227/3 932/226/3 937/262/3
f  932/226/3 934/264/3 937/262/3
f  933/216/3 932/226/3 936/227/3
f  938/215/3 931/209/3 933/216/3
f  938/215/3 933/216/3 939/220/3
f  939/220/3 933/216/3 936/227/3
f  940/229/3 936/227/3 941/261/3
f  936/227/3 937/262/3 941/261/3
f  939/220/3 936/227/3 940/229/3
f  942/223/3 938/215/3 939/220/3
f  942/223/3 939/220/3 943/224/3
f  943/224/3 939/220/3 940/229/3
f  242/161/3 931/209/3 938/215/3
f  243/162/3 242/161/3 938/215/3
f  243/162/3 938/215/3 942/223/3
f  245/163/3 243/162/3 942/223/3
f  245/163/3 942/223/3 944/258/3
f  944/258/3 942/223/3 943/224/3
f  943/224/3 940/229/3 945/232/3
f  944/258/3 943/224/3 946/230/3
f  946/230/3 943/224/3 945/232/3
f  248/165/3 245/163/3 944/258/3
f  248/165/3 944/258/3 947/255/3
f  947/255/3 944/258/3 946/230/3
f  946/230/3 945/232/3 948/236/3
f  947/255/3 946/230/3 949/239/3
f  949/239/3 946/230/3 948/236/3
f  948/236/3 945/232/3 950/243/3
f  945/232/3 940/229/3 951/242/3
f  945/232/3 951/242/3 950/243/3
f  952/240/3 948/236/3 953/245/3
f  948/236/3 950/243/3 953/245/3
f  949/239/3 948/236/3 952/240/3
f  954/254/3 947/255/3 949/239/3
f  954/254/3 949/239/3 955/251/3
f  955/251/3 949/239/3 952/240/3
f  956/247/3 952/240/3 957/248/3
f  952/240/3 953/245/3 957/248/3
f  955/251/3 952/240/3 956/247/3
f  956/247/3 957/248/3 958/250/3
f  250/168/3 947/255/3 954/254/3
f  250/168/3 248/165/3 947/255/3
f  940/229/3 941/261/3 951/242/3
f  242/161/3 261/148/3 931/209/3
f  928/269/3 959/271/3 935/266/3
f  928/269/3 927/181/3 959/271/3
f  927/181/3 960/273/3 959/271/3
f  927/181/3 913/175/3 960/273/3
f  920/183/3 913/175/3 927/181/3
f  913/175/3 912/173/3 960/273/3
f  961/274/4 962/275/4 871/276/4
f  961/274/4 871/276/4 869/277/4
f  963/278/4 961/274/4 869/277/4
f  964/279/4 965/280/4 961/274/4
f  964/279/4 961/274/4 963/278/4
f  965/280/4 962/275/4 961/274/4
f  965/280/4 966/281/4 962/275/4
f  967/283/4 968/282/4 965/280/4
f  967/283/4 965/280/4 964/279/4
f  968/282/4 966/281/4 965/280/4
f  969/284/4 967/283/4 964/279/4
f  969/284/4 964/279/4 970/285/4
f  970/285/4 964/279/4 963/278/4
f  960/273/4 968/282/4 967/283/4
f  959/271/4 960/273/4 967/283/4
f  959/271/4 967/283/4 969/284/4
f  960/273/4 912/173/4 968/282/4
f  912/173/4 971/286/4 968/282/4
f  968/282/4 971/286/4 966/281/4
f  912/173/4 911/172/4 971/286/4
f  935/266/4 959/271/4 969/284/4
f  935/266/4 969/284/4 972/287/4
f  972/287/4 969/284/4 970/285/4
f  934/264/4 935/266/4 972/287/4
f  972/287/4 970/285/4 973/289/4
f  934/264/4 972/287/4 974/288/4
f  974/288/4 972/287/4 973/289/4
f  937/262/4 934/264/4 974/288/4
f  974/288/4 973/289/4 975/290/4
f  937/262/4 974/288/4 976/291/4
f  976/291/4 974/288/4 975/290/4
f  973/289/4 970/285/4 977/292/4
f  973/289/4 977/292/4 978/293/4
f  975/290/4 973/289/4 978/293/4
f  975/290/4 978/293/4 979/295/4
f  976/291/4 975/290/4 980/294/4
f  980/294/4 975/290/4 979/295/4
f  941/261/4 937/262/4 976/291/4
f  941/261/4 976/291/4 981/307/4
f  981/307/4 976/291/4 980/294/4
f  980/294/4 979/295/4 982/300/4
f  981/307/4 980/294/4 983/303/4
f  983/303/4 980/294/4 982/300/4
f  982/300/4 979/295/4 874/299/4
f  979/295/4 978/293/4 872/296/4
f  979/295/4 872/296/4 874/299/4
f  984/302/4 982/300/4 877/301/4
f  982/300/4 874/299/4 877/301/4
f  983/303/4 982/300/4 984/302/4
f  985/308/4 981/307/4 983/303/4
f  985/308/4 983/303/4 986/306/4
f  986/306/4 983/303/4 984/302/4
f  987/305/4 984/302/4 884/304/4
f  984/302/4 877/301/4 884/304/4
f  986/306/4 984/302/4 987/305/4
f  988/309/4 985/308/4 986/306/4
f  988/309/4 986/306/4 989/310/4
f  989/310/4 986/306/4 987/305/4
f  951/242/4 981/307/4 985/308/4
f  950/243/4 951/242/4 985/308/4
f  950/243/4 985/308/4 988/309/4
f  953/245/4 950/243/4 988/309/4
f  953/245/4 988/309/4 990/311/4
f  990/311/4 988/309/4 989/310/4
f  989/310/4 987/305/4 991/313/4
f  990/311/4 989/310/4 992/312/4
f  992/312/4 989/310/4 991/313/4
f  957/248/4 953/245/4 990/311/4
f  957/248/4 990/311/4 993/314/4
f  993/314/4 990/311/4 992/312/4
f  992/312/4 991/313/4 994/316/4
f  993/314/4 992/312/4 995/315/4
f  995/315/4 992/312/4 994/316/4
f  994/316/4 991/313/4 895/318/4
f  991/313/4 987/305/4 894/317/4
f  991/313/4 894/317/4 895/318/4
f  996/320/4 994/316/4 896/319/4
f  994/316/4 895/318/4 896/319/4
f  995/315/4 994/316/4 996/320/4
f  997/325/4 993/314/4 995/315/4
f  997/325/4 995/315/4 998/323/4
f  998/323/4 995/315/4 996/320/4
f  999/322/4 996/320/4 900/321/4
f  996/320/4 896/319/4 900/321/4
f  998/323/4 996/320/4 999/322/4
f  999/322/4 900/321/4 908/324/4
f  958/250/4 993/314/4 997/325/4
f  958/250/4 957/248/4 993/314/4
f  987/305/4 884/304/4 894/317/4
f  951/242/4 941/261/4 981/307/4
f  978/293/4 868/297/4 872/296/4
f  978/293/4 977/292/4 868/297/4
f  977/292/4 867/298/4 868/297/4
f  977/292/4 963/278/4 867/298/4
f  970/285/4 963/278/4 977/292/4
f  963/278/4 869/277/4 867/298/4
f  1000/330/5 956/247/5 958/250/5
f  1000/330/5 958/250/5 997/327/5
f  1001/337/5 956/247/5 1000/330/5
f  1002/335/5 1001/337/5 1000/330/5
f  1002/335/5 1000/330/5 1003/329/5
f  1003/329/5 1000/330/5 997/327/5
f  1001/337/5 955/251/5 956/247/5
f  1004/349/5 955/251/5 1001/337/5
f  1005/345/5 1004/349/5 1001/337/5
f  1005/345/5 1001/337/5 1002/335/5
f  1006/336/5 1002/335/5 1003/329/5
f  1007/343/5 1005/345/5 1002/335/5
f  1007/343/5 1002/335/5 1006/336/5
f  1006/336/5 1003/329/5 1008/334/5
f  1008/334/5 1003/329/5 998/359/5
f  1003/329/5 997/327/5 998/359/5
f  906/340/5 1006/336/5 1008/334/5
f  907/342/5 1007/343/5 1006/336/5
f  907/342/5 1006/336/5 906/340/5
f  98/354/5 310/353/5 1007/343/5
f  98/354/5 1007/343/5 907/342/5
f  310/353/5 1005/345/5 1007/343/5
f  310/353/5 311/351/5 1005/345/5
f  311/351/5 1004/349/5 1005/345/5
f  311/351/5 312/352/5 1004/349/5
f  312/352/5 250/168/5 954/254/5
f  312/352/5 954/254/5 1004/349/5
f  1004/349/5 954/254/5 955/251/5
f  906/340/5 1008/334/5 905/356/5
f  905/356/5 1008/334/5 999/360/5
f  905/356/5 999/360/5 908/361/5
f  1008/334/5 998/359/5 999/360/5
f  1009/368/6 870/369/6 871/364/6
f  1009/368/6 871/364/6 962/365/6
f  1010/377/6 870/369/6 1009/368/6
f  1011/374/6 1010/377/6 1009/368/6
f  1011/374/6 1009/368/6 1012/367/6
f  1012/367/6 1009/368/6 962/365/6
f  1010/377/6 862/387/6 870/369/6
f  1013/385/6 862/387/6 1010/377/6
f  1014/382/6 1013/385/6 1010/377/6
f  1014/382/6 1010/377/6 1011/374/6
f  1015/375/6 1011/374/6 1012/367/6
f  1016/380/6 1014/382/6 1011/374/6
f  1016/380/6 1011/374/6 1015/375/6
f  1015/375/6 1012/367/6 1017/373/6
f  1017/373/6 1012/367/6 966/396/6
f  1012/367/6 962/365/6 966/396/6
f  916/204/6 1015/375/6 1017/373/6
f  921/202/6 1016/380/6 1015/375/6
f  921/202/6 1015/375/6 916/204/6
f  172/120/6 284/394/6 1016/380/6
f  172/120/6 1016/380/6 921/202/6
f  284/394/6 1014/382/6 1016/380/6
f  284/394/6 279/391/6 1014/382/6
f  279/391/6 1013/385/6 1014/382/6
f  279/391/6 275/392/6 1013/385/6
f  275/392/6 41/393/6 858/389/6
f  275/392/6 858/389/6 1013/385/6
f  1013/385/6 858/389/6 862/387/6
f  916/204/6 1017/373/6 910/177/6
f  910/177/6 1017/373/6 971/397/6
f  910/177/6 971/397/6 911/172/6
f  1017/373/6 966/396/6 971/397/6
f  1018/7/1 87/8/1 88/3/1
f  1018/7/1 88/3/1 1019/4/1
f  1020/6/1 1018/7/1 1019/4/1
f  1021/13/1 1022/16/1 1018/7/1
f  1021/13/1 1018/7/1 1020/6/1
f  1022/16/1 87/8/1 1018/7/1
f  1022/16/1 85/40/1 87/8/1
f  1023/24/1 1024/35/1 1022/16/1
f  1023/24/1 1022/16/1 1021/13/1
f  1024/35/1 85/40/1 1022/16/1
f  1025/22/1 1023/24/1 1021/13/1
f  1025/22/1 1021/13/1 1026/14/1
f  1026/14/1 1021/13/1 1020/6/1
f  1027/33/1 1024/35/1 1023/24/1
f  1028/32/1 1027/33/1 1023/24/1
f  1028/32/1 1023/24/1 1025/22/1
f  1027/33/1 1029/36/1 1024/35/1
f  1029/36/1 84/38/1 1024/35/1
f  1024/35/1 84/38/1 85/40/1
f  1029/36/1 89/41/1 84/38/1
f  1030/30/1 1028/32/1 1025/22/1
f  1030/30/1 1025/22/1 1031/21/1
f  1031/21/1 1025/22/1 1026/14/1
f  1032/29/1 1030/30/1 1031/21/1
f  1031/21/1 1026/14/1 1033/19/1
f  1032/29/1 1031/21/1 1034/28/1
f  1034/28/1 1031/21/1 1033/19/1
f  1035/43/1 1032/29/1 1034/28/1
f  1034/28/1 1033/19/1 1036/49/1
f  1035/43/1 1034/28/1 1037/44/1
f  1037/44/1 1034/28/1 1036/49/1
f  1033/19/1 1026/14/1 1038/12/1
f  1033/19/1 1038/12/1 1039/113/1
f  1036/49/1 1033/19/1 1039/113/1
f  1036/49/1 1039/113/1 1040/112/1
f  1037/44/1 1036/49/1 1041/51/1
f  1041/51/1 1036/49/1 1040/112/1
f  1042/104/1 1035/43/1 1037/44/1
f  1042/104/1 1037/44/1 1043/47/1
f  1043/47/1 1037/44/1 1041/51/1
f  1041/51/1 1040/112/1 1044/64/1
f  1043/47/1 1041/51/1 1045/54/1
f  1045/54/1 1041/51/1 1044/64/1
f  1044/64/1 1040/112/1 1046/108/1
f  1040/112/1 1039/113/1 1047/110/1
f  1040/112/1 1047/110/1 1046/108/1
f  1048/65/1 1044/64/1 1049/106/1
f  1044/64/1 1046/108/1 1049/106/1
f  1045/54/1 1044/64/1 1048/65/1
f  1050/53/1 1043/47/1 1045/54/1
f  1050/53/1 1045/54/1 1051/58/1
f  1051/58/1 1045/54/1 1048/65/1
f  1052/67/1 1048/65/1 1053/105/1
f  1048/65/1 1049/106/1 1053/105/1
f  1051/58/1 1048/65/1 1052/67/1
f  1054/61/1 1050/53/1 1051/58/1
f  1054/61/1 1051/58/1 1055/62/1
f  1055/62/1 1051/58/1 1052/67/1
f  1056/103/1 1043/47/1 1050/53/1
f  1057/102/1 1056/103/1 1050/53/1
f  1057/102/1 1050/53/1 1054/61/1
f  1058/100/1 1057/102/1 1054/61/1
f  1058/100/1 1054/61/1 1059/96/1
f  1059/96/1 1054/61/1 1055/62/1
f  1055/62/1 1052/67/1 1060/70/1
f  1059/96/1 1055/62/1 1061/68/1
f  1061/68/1 1055/62/1 1060/70/1
f  1062/99/1 1058/100/1 1059/96/1
f  1062/99/1 1059/96/1 1063/93/1
f  1063/93/1 1059/96/1 1061/68/1
f  1061/68/1 1060/70/1 1064/74/1
f  1063/93/1 1061/68/1 1065/77/1
f  1065/77/1 1061/68/1 1064/74/1
f  1064/74/1 1060/70/1 1066/81/1
f  1060/70/1 1052/67/1 1067/80/1
f  1060/70/1 1067/80/1 1066/81/1
f  1068/78/1 1064/74/1 1069/83/1
f  1064/74/1 1066/81/1 1069/83/1
f  1065/77/1 1064/74/1 1068/78/1
f  1070/92/1 1063/93/1 1065/77/1
f  1070/92/1 1065/77/1 1071/89/1
f  1071/89/1 1065/77/1 1068/78/1
f  1072/85/1 1068/78/1 1073/86/1
f  1068/78/1 1069/83/1 1073/86/1
f  1071/89/1 1068/78/1 1072/85/1
f  1072/85/1 1073/86/1 1074/88/1
f  1075/98/1 1063/93/1 1070/92/1
f  1075/98/1 1062/99/1 1063/93/1
f  1052/67/1 1053/105/1 1067/80/1
f  1056/103/1 1042/104/1 1043/47/1
f  1039/113/1 1076/115/1 1047/110/1
f  1039/113/1 1038/12/1 1076/115/1
f  1038/12/1 1077/117/1 1076/115/1
f  1038/12/1 1020/6/1 1077/117/1
f  1026/14/1 1020/6/1 1038/12/1
f  1020/6/1 1019/4/1 1077/117/1
f  1078/118/2 166/119/2 168/120/2
f  1078/118/2 168/120/2 1079/121/2
f  1080/122/2 1078/118/2 1079/121/2
f  1081/123/2 1082/124/2 1078/118/2
f  1081/123/2 1078/118/2 1080/122/2
f  1082/124/2 166/119/2 1078/118/2
f  1082/124/2 167/125/2 166/119/2
f  1083/127/2 1084/126/2 1082/124/2
f  1083/127/2 1082/124/2 1081/123/2
f  1084/126/2 167/125/2 1082/124/2
f  1085/128/2 1083/127/2 1081/123/2
f  1085/128/2 1081/123/2 1086/129/2
f  1086/129/2 1081/123/2 1080/122/2
f  1077/117/2 1084/126/2 1083/127/2
f  1076/115/2 1077/117/2 1083/127/2
f  1076/115/2 1083/127/2 1085/128/2
f  1077/117/2 1019/4/2 1084/126/2
f  1019/4/2 169/130/2 1084/126/2
f  1084/126/2 169/130/2 167/125/2
f  1019/4/2 88/3/2 169/130/2
f  1047/110/2 1076/115/2 1085/128/2
f  1047/110/2 1085/128/2 1087/131/2
f  1087/131/2 1085/128/2 1086/129/2
f  1046/108/2 1047/110/2 1087/131/2
f  1087/131/2 1086/129/2 1088/133/2
f  1046/108/2 1087/131/2 1089/132/2
f  1089/132/2 1087/131/2 1088/133/2
f  1049/106/2 1046/108/2 1089/132/2
f  1089/132/2 1088/133/2 1090/134/2
f  1049/106/2 1089/132/2 1091/135/2
f  1091/135/2 1089/132/2 1090/134/2
f  1088/133/2 1086/129/2 1092/136/2
f  1088/133/2 1092/136/2 1093/137/2
f  1090/134/2 1088/133/2 1093/137/2
f  1090/134/2 1093/137/2 1094/139/2
f  1091/135/2 1090/134/2 1095/138/2
f  1095/138/2 1090/134/2 1094/139/2
f  1053/105/2 1049/106/2 1091/135/2
f  1053/105/2 1091/135/2 1096/151/2
f  1096/151/2 1091/135/2 1095/138/2
f  1095/138/2 1094/139/2 1097/144/2
f  1096/151/2 1095/138/2 1098/147/2
f  1098/147/2 1095/138/2 1097/144/2
f  1097/144/2 1094/139/2 1099/143/2
f  1094/139/2 1093/137/2 1100/140/2
f  1094/139/2 1100/140/2 1099/143/2
f  1101/146/2 1097/144/2 1102/145/2
f  1097/144/2 1099/143/2 1102/145/2
f  1098/147/2 1097/144/2 1101/146/2
f  1103/152/2 1096/151/2 1098/147/2
f  1103/152/2 1098/147/2 1104/150/2
f  1104/150/2 1098/147/2 1101/146/2
f  1105/149/2 1101/146/2 1106/148/2
f  1101/146/2 1102/145/2 1106/148/2
f  1104/150/2 1101/146/2 1105/149/2
f  1107/153/2 1103/152/2 1104/150/2
f  1107/153/2 1104/150/2 1108/154/2
f  1108/154/2 1104/150/2 1105/149/2
f  1067/80/2 1096/151/2 1103/152/2
f  1066/81/2 1067/80/2 1103/152/2
f  1066/81/2 1103/152/2 1107/153/2
f  1069/83/2 1066/81/2 1107/153/2
f  1069/83/2 1107/153/2 1109/155/2
f  1109/155/2 1107/153/2 1108/154/2
f  1108/154/2 1105/149/2 1110/157/2
f  1109/155/2 1108/154/2 1111/156/2
f  1111/156/2 1108/154/2 1110/157/2
f  1073/86/2 1069/83/2 1109/155/2
f  1073/86/2 1109/155/2 1112/158/2
f  1112/158/2 1109/155/2 1111/156/2
f  1111/156/2 1110/157/2 1113/160/2
f  1112/158/2 1111/156/2 1114/159/2
f  1114/159/2 1111/156/2 1113/160/2
f  1113/160/2 1110/157/2 1115/162/2
f  1110/157/2 1105/149/2 1116/161/2
f  1110/157/2 1116/161/2 1115/162/2
f  1117/164/2 1113/160/2 1118/163/2
f  1113/160/2 1115/162/2 1118/163/2
f  1114/159/2 1113/160/2 1117/164/2
f  1119/169/2 1112/158/2 1114/159/2
f  1119/169/2 1114/159/2 1120/167/2
f  1120/167/2 1114/159/2 1117/164/2
f  1121/166/2 1117/164/2 1122/165/2
f  1117/164/2 1118/163/2 1122/165/2
f  1120/167/2 1117/164/2 1121/166/2
f  1121/166/2 1122/165/2 1123/168/2
f  1074/88/2 1112/158/2 1119/169/2
f  1074/88/2 1073/86/2 1112/158/2
f  1105/149/2 1106/148/2 1116/161/2
f  1067/80/2 1053/105/2 1096/151/2
f  1093/137/2 1124/141/2 1100/140/2
f  1093/137/2 1092/136/2 1124/141/2
f  1092/136/2 1125/142/2 1124/141/2
f  1092/136/2 1080/122/2 1125/142/2
f  1086/129/2 1080/122/2 1092/136/2
f  1080/122/2 1079/121/2 1125/142/2
f  1126/176/3 252/177/3 251/172/3
f  1126/176/3 251/172/3 1127/173/3
f  1128/175/3 1126/176/3 1127/173/3
f  1129/182/3 1130/185/3 1126/176/3
f  1129/182/3 1126/176/3 1128/175/3
f  1130/185/3 252/177/3 1126/176/3
f  1130/185/3 254/204/3 252/177/3
f  1131/193/3 1132/200/3 1130/185/3
f  1131/193/3 1130/185/3 1129/182/3
f  1132/200/3 254/204/3 1130/185/3
f  1133/191/3 1131/193/3 1129/182/3
f  1133/191/3 1129/182/3 1134/183/3
f  1134/183/3 1129/182/3 1128/175/3
f  1125/142/3 1132/200/3 1131/193/3
f  1124/141/3 1125/142/3 1131/193/3
f  1124/141/3 1131/193/3 1133/191/3
f  1125/142/3 1079/121/3 1132/200/3
f  1079/121/3 256/202/3 1132/200/3
f  1132/200/3 256/202/3 254/204/3
f  1079/121/3 168/120/3 256/202/3
f  1100/140/3 1124/141/3 1133/191/3
f  1100/140/3 1133/191/3 1135/190/3
f  1135/190/3 1133/191/3 1134/183/3
f  1099/143/3 1100/140/3 1135/190/3
f  1135/190/3 1134/183/3 1136/188/3
f  1099/143/3 1135/190/3 1137/197/3
f  1137/197/3 1135/190/3 1136/188/3
f  1102/145/3 1099/143/3 1137/197/3
f  1137/197/3 1136/188/3 1138/211/3
f  1102/145/3 1137/197/3 1139/206/3
f  1139/206/3 1137/197/3 1138/211/3
f  1136/188/3 1134/183/3 1140/181/3
f  1136/188/3 1140/181/3 1141/269/3
f  1138/211/3 1136/188/3 1141/269/3
f  1138/211/3 1141/269/3 1142/268/3
f  1139/206/3 1138/211/3 1143/213/3
f  1143/213/3 1138/211/3 1142/268/3
f  1106/148/3 1102/145/3 1139/206/3
f  1106/148/3 1139/206/3 1144/209/3
f  1144/209/3 1139/206/3 1143/213/3
f  1143/213/3 1142/268/3 1145/226/3
f  1144/209/3 1143/213/3 1146/216/3
f  1146/216/3 1143/213/3 1145/226/3
f  1145/226/3 1142/268/3 1147/264/3
f  1142/268/3 1141/269/3 1148/266/3
f  1142/268/3 1148/266/3 1147/264/3
f  1149/227/3 1145/226/3 1150/262/3
f  1145/226/3 1147/264/3 1150/262/3
f  1146/216/3 1145/226/3 1149/227/3
f  1151/215/3 1144/209/3 1146/216/3
f  1151/215/3 1146/216/3 1152/220/3
f  1152/220/3 1146/216/3 1149/227/3
f  1153/229/3 1149/227/3 1154/261/3
f  1149/227/3 1150/262/3 1154/261/3
f  1152/220/3 1149/227/3 1153/229/3
f  1155/223/3 1151/215/3 1152/220/3
f  1155/223/3 1152/220/3 1156/224/3
f  1156/224/3 1152/220/3 1153/229/3
f  1116/161/3 1144/209/3 1151/215/3
f  1115/162/3 1116/161/3 1151/215/3
f  1115/162/3 1151/215/3 1155/223/3
f  1118/163/3 1115/162/3 1155/223/3
f  1118/163/3 1155/223/3 1157/258/3
f  1157/258/3 1155/223/3 1156/224/3
f  1156/224/3 1153/229/3 1158/232/3
f  1157/258/3 1156/224/3 1159/230/3
f  1159/230/3 1156/224/3 1158/232/3
f  1122/165/3 1118/163/3 1157/258/3
f  1122/165/3 1157/258/3 1160/255/3
f  1160/255/3 1157/258/3 1159/230/3
f  1159/230/3 1158/232/3 1161/236/3
f  1160/255/3 1159/230/3 1162/239/3
f  1162/239/3 1159/230/3 1161/236/3
f  1161/236/3 1158/232/3 1163/243/3
f  1158/232/3 1153/229/3 1164/242/3
f  1158/232/3 1164/242/3 1163/243/3
f  1165/240/3 1161/236/3 1166/245/3
f  1161/236/3 1163/243/3 1166/245/3
f  1162/239/3 1161/236/3 1165/240/3
f  1167/254/3 1160/255/3 1162/239/3
f  1167/254/3 1162/239/3 1168/251/3
f  1168/251/3 1162/239/3 1165/240/3
f  1169/247/3 1165/240/3 1170/248/3
f  1165/240/3 1166/245/3 1170/248/3
f  1168/251/3 1165/240/3 1169/247/3
f  1169/247/3 1170/248/3 1171/250/3
f  1123/168/3 1160/255/3 1167/254/3
f  1123/168/3 1122/165/3 1160/255/3
f  1153/229/3 1154/261/3 1164/242/3
f  1116/161/3 1106/148/3 1144/209/3
f  1141/269/3 1172/271/3 1148/266/3
f  1141/269/3 1140/181/3 1172/271/3
f  1140/181/3 1173/273/3 1172/271/3
f  1140/181/3 1128/175/3 1173/273/3
f  1134/183/3 1128/175/3 1140/181/3
f  1128/175/3 1127/173/3 1173/273/3
f  1174/274/4 322/275/4 89/276/4
f  1174/274/4 89/276/4 1029/277/4
f  1175/278/4 1174/274/4 1029/277/4
f  1176/279/4 1177/280/4 1174/274/4
f  1176/279/4 1174/274/4 1175/278/4
f  1177/280/4 322/275/4 1174/274/4
f  1177/280/4 321/281/4 322/275/4
f  1178/283/4 1179/282/4 1177/280/4
f  1178/283/4 1177/280/4 1176/279/4
f  1179/282/4 321/281/4 1177/280/4
f  1180/284/4 1178/283/4 1176/279/4
f  1180/284/4 1176/279/4 1181/285/4
f  1181/285/4 1176/279/4 1175/278/4
f  1173/273/4 1179/282/4 1178/283/4
f  1172/271/4 1173/273/4 1178/283/4
f  1172/271/4 1178/283/4 1180/284/4
f  1173/273/4 1127/173/4 1179/282/4
f  1127/173/4 323/286/4 1179/282/4
f  1179/282/4 323/286/4 321/281/4
f  1127/173/4 251/172/4 323/286/4
f  1148/266/4 1172/271/4 1180/284/4
f  1148/266/4 1180/284/4 1182/287/4
f  1182/287/4 1180/284/4 1181/285/4
f  1147/264/4 1148/266/4 1182/287/4
f  1182/287/4 1181/285/4 1183/289/4
f  1147/264/4 1182/287/4 1184/288/4
f  1184/288/4 1182/287/4 1183/289/4
f  1150/262/4 1147/264/4 1184/288/4
f  1184/288/4 1183/289/4 1185/290/4
f  1150/262/4 1184/288/4 1186/291/4
f  1186/291/4 1184/288/4 1185/290/4
f  1183/289/4 1181/285/4 1187/292/4
f  1183/289/4 1187/292/4 1188/293/4
f  1185/290/4 1183/289/4 1188/293/4
f  1185/290/4 1188/293/4 1189/295/4
f  1186/291/4 1185/290/4 1190/294/4
f  1190/294/4 1185/290/4 1189/295/4
f  1154/261/4 1150/262/4 1186/291/4
f  1154/261/4 1186/291/4 1191/307/4
f  1191/307/4 1186/291/4 1190/294/4
f  1190/294/4 1189/295/4 1192/300/4
f  1191/307/4 1190/294/4 1193/303/4
f  1193/303/4 1190/294/4 1192/300/4
f  1192/300/4 1189/295/4 1032/299/4
f  1189/295/4 1188/293/4 1030/296/4
f  1189/295/4 1030/296/4 1032/299/4
f  1194/302/4 1192/300/4 1035/301/4
f  1192/300/4 1032/299/4 1035/301/4
f  1193/303/4 1192/300/4 1194/302/4
f  1195/308/4 1191/307/4 1193/303/4
f  1195/308/4 1193/303/4 1196/306/4
f  1196/306/4 1193/303/4 1194/302/4
f  1197/305/4 1194/302/4 1042/304/4
f  1194/302/4 1035/301/4 1042/304/4
f  1196/306/4 1194/302/4 1197/305/4
f  1198/309/4 1195/308/4 1196/306/4
f  1198/309/4 1196/306/4 1199/310/4
f  1199/310/4 1196/306/4 1197/305/4
f  1164/242/4 1191/307/4 1195/308/4
f  1163/243/4 1164/242/4 1195/308/4
f  1163/243/4 1195/308/4 1198/309/4
f  1166/245/4 1163/243/4 1198/309/4
f  1166/245/4 1198/309/4 1200/311/4
f  1200/311/4 1198/309/4 1199/310/4
f  1199/310/4 1197/305/4 1201/313/4
f  1200/311/4 1199/310/4 1202/312/4
f  1202/312/4 1199/310/4 1201/313/4
f  1170/248/4 1166/245/4 1200/311/4
f  1170/248/4 1200/311/4 1203/314/4
f  1203/314/4 1200/311/4 1202/312/4
f  1202/312/4 1201/313/4 1204/316/4
f  1203/314/4 1202/312/4 1205/315/4
f  1205/315/4 1202/312/4 1204/316/4
f  1204/316/4 1201/313/4 1057/318/4
f  1201/313/4 1197/305/4 1056/317/4
f  1201/313/4 1056/317/4 1057/318/4
f  1206/320/4 1204/316/4 1058/319/4
f  1204/316/4 1057/318/4 1058/319/4
f  1205/315/4 1204/316/4 1206/320/4
f  1207/325/4 1203/314/4 1205/315/4
f  1207/325/4 1205/315/4 1208/323/4
f  1208/323/4 1205/315/4 1206/320/4
f  1209/322/4 1206/320/4 1062/321/4
f  1206/320/4 1058/319/4 1062/321/4
f  1208/323/4 1206/320/4 1209/322/4
f  1209/322/4 1062/321/4 1075/324/4
f  1171/250/4 1203/314/4 1207/325/4
f  1171/250/4 1170/248/4 1203/314/4
f  1197/305/4 1042/304/4 1056/317/4
f  1164/242/4 1154/261/4 1191/307/4
f  1188/293/4 1028/297/4 1030/296/4
f  1188/293/4 1187/292/4 1028/297/4
f  1187/292/4 1027/298/4 1028/297/4
f  1187/292/4 1175/278/4 1027/298/4
f  1181/285/4 1175/278/4 1187/292/4
f  1175/278/4 1029/277/4 1027/298/4
f  1210/330/5 1169/247/5 1171/250/5
f  1210/330/5 1171/250/5 1207/327/5
f  1211/337/5 1169/247/5 1210/330/5
f  1212/335/5 1211/337/5 1210/330/5
f  1212/335/5 1210/330/5 1213/329/5
f  1213/329/5 1210/330/5 1207/327/5
f  1211/337/5 1168/251/5 1169/247/5
f  1214/349/5 1168/251/5 1211/337/5
f  1215/345/5 1214/349/5 1211/337/5
f  1215/345/5 1211/337/5 1212/335/5
f  1216/336/5 1212/335/5 1213/329/5
f  1217/343/5 1215/345/5 1212/335/5
f  1217/343/5 1212/335/5 1216/336/5
f  1216/336/5 1213/329/5 1218/334/5
f  1218/334/5 1213/329/5 1208/359/5
f  1213/329/5 1207/327/5 1208/359/5
f  1071/340/5 1216/336/5 1218/334/5
f  1072/342/5 1217/343/5 1216/336/5
f  1072/342/5 1216/336/5 1071/340/5
f  1074/354/5 1119/353/5 1217/343/5
f  1074/354/5 1217/343/5 1072/342/5
f  1119/353/5 1215/345/5 1217/343/5
f  1119/353/5 1120/351/5 1215/345/5
f  1120/351/5 1214/349/5 1215/345/5
f  1120/351/5 1121/352/5 1214/349/5
f  1121/352/5 1123/168/5 1167/254/5
f  1121/352/5 1167/254/5 1214/349/5
f  1214/349/5 1167/254/5 1168/251/5
f  1071/340/5 1218/334/5 1070/356/5
f  1070/356/5 1218/334/5 1209/360/5
f  1070/356/5 1209/360/5 1075/361/5
f  1218/334/5 1208/359/5 1209/360/5
f  324/368/6 84/369/6 89/364/6
f  324/368/6 89/364/6 322/365/6
f  326/377/6 84/369/6 324/368/6
f  328/374/6 326/377/6 324/368/6
f  328/374/6 324/368/6 325/367/6
f  325/367/6 324/368/6 322/365/6
f  326/377/6 85/387/6 84/369/6
f  329/385/6 85/387/6 326/377/6
f  330/382/6 329/385/6 326/377/6
f  330/382/6 326/377/6 328/374/6
f  331/375/6 328/374/6 325/367/6
f  332/380/6 330/382/6 328/374/6
f  332/380/6 328/374/6 331/375/6
f  331/375/6 325/367/6 327/373/6
f  327/373/6 325/367/6 321/396/6
f  325/367/6 322/365/6 321/396/6
f  254/204/6 331/375/6 327/373/6
f  256/202/6 332/380/6 331/375/6
f  256/202/6 331/375/6 254/204/6
f  168/120/6 166/394/6 332/380/6
f  168/120/6 332/380/6 256/202/6
f  166/394/6 330/382/6 332/380/6
f  166/394/6 167/391/6 330/382/6
f  167/391/6 329/385/6 330/382/6
f  167/391/6 169/392/6 329/385/6
f  169/392/6 88/393/6 87/389/6
f  169/392/6 87/389/6 329/385/6
f  329/385/6 87/389/6 85/387/6
f  254/204/6 327/373/6 252/177/6
f  252/177/6 327/373/6 323/397/6
f  252/177/6 323/397/6 251/172/6
f  327/373/6 321/396/6 323/397/6
f  1219/7/1 90/8/1 89/3/1
f  1219/7/1 89/3/1 1029/4/1
f  1220/6/1 1219/7/1 1029/4/1
f  1221/13/1 1222/16/1 1219/7/1
f  1221/13/1 1219/7/1 1220/6/1
f  1222/16/1 90/8/1 1219/7/1
f  1222/16/1 92/40/1 90/8/1
f  1223/24/1 1224/35/1 1222/16/1
f  1223/24/1 1222/16/1 1221/13/1
f  1224/35/1 92/40/1 1222/16/1
f  1225/22/1 1223/24/1 1221/13/1
f  1225/22/1 1221/13/1 1226/14/1
f  1226/14/1 1221/13/1 1220/6/1
f  1227/33/1 1224/35/1 1223/24/1
f  1228/32/1 1227/33/1 1223/24/1
f  1228/32/1 1223/24/1 1225/22/1
f  1227/33/1 1229/36/1 1224/35/1
f  1229/36/1 94/38/1 1224/35/1
f  1224/35/1 94/38/1 92/40/1
f  1229/36/1 98/41/1 94/38/1
f  1230/30/1 1228/32/1 1225/22/1
f  1230/30/1 1225/22/1 1231/21/1
f  1231/21/1 1225/22/1 1226/14/1
f  1232/29/1 1230/30/1 1231/21/1
f  1231/21/1 1226/14/1 1233/19/1
f  1232/29/1 1231/21/1 1234/28/1
f  1234/28/1 1231/21/1 1233/19/1
f  1235/43/1 1232/29/1 1234/28/1
f  1234/28/1 1233/19/1 1236/49/1
f  1235/43/1 1234/28/1 1237/44/1
f  1237/44/1 1234/28/1 1236/49/1
f  1233/19/1 1226/14/1 1238/12/1
f  1233/19/1 1238/12/1 1239/113/1
f  1236/49/1 1233/19/1 1239/113/1
f  1236/49/1 1239/113/1 1240/112/1
f  1237/44/1 1236/49/1 1241/51/1
f  1241/51/1 1236/49/1 1240/112/1
f  1242/104/1 1235/43/1 1237/44/1
f  1242/104/1 1237/44/1 1243/47/1
f  1243/47/1 1237/44/1 1241/51/1
f  1241/51/1 1240/112/1 1244/64/1
f  1243/47/1 1241/51/1 1245/54/1
f  1245/54/1 1241/51/1 1244/64/1
f  1244/64/1 1240/112/1 1032/108/1
f  1240/112/1 1239/113/1 1030/110/1
f  1240/112/1 1030/110/1 1032/108/1
f  1246/65/1 1244/64/1 1035/106/1
f  1244/64/1 1032/108/1 1035/106/1
f  1245/54/1 1244/64/1 1246/65/1
f  1247/53/1 1243/47/1 1245/54/1
f  1247/53/1 1245/54/1 1248/58/1
f  1248/58/1 1245/54/1 1246/65/1
f  1249/67/1 1246/65/1 1042/105/1
f  1246/65/1 1035/106/1 1042/105/1
f  1248/58/1 1246/65/1 1249/67/1
f  1250/61/1 1247/53/1 1248/58/1
f  1250/61/1 1248/58/1 1251/62/1
f  1251/62/1 1248/58/1 1249/67/1
f  1252/103/1 1243/47/1 1247/53/1
f  1253/102/1 1252/103/1 1247/53/1
f  1253/102/1 1247/53/1 1250/61/1
f  1254/100/1 1253/102/1 1250/61/1
f  1254/100/1 1250/61/1 1255/96/1
f  1255/96/1 1250/61/1 1251/62/1
f  1251/62/1 1249/67/1 1256/70/1
f  1255/96/1 1251/62/1 1257/68/1
f  1257/68/1 1251/62/1 1256/70/1
f  1258/99/1 1254/100/1 1255/96/1
f  1258/99/1 1255/96/1 1259/93/1
f  1259/93/1 1255/96/1 1257/68/1
f  1257/68/1 1256/70/1 1260/74/1
f  1259/93/1 1257/68/1 1261/77/1
f  1261/77/1 1257/68/1 1260/74/1
f  1260/74/1 1256/70/1 1057/81/1
f  1256/70/1 1249/67/1 1056/80/1
f  1256/70/1 1056/80/1 1057/81/1
f  1262/78/1 1260/74/1 1058/83/1
f  1260/74/1 1057/81/1 1058/83/1
f  1261/77/1 1260/74/1 1262/78/1
f  1263/92/1 1259/93/1 1261/77/1
f  1263/92/1 1261/77/1 1264/89/1
f  1264/89/1 1261/77/1 1262/78/1
f  1265/85/1 1262/78/1 1062/86/1
f  1262/78/1 1058/83/1 1062/86/1
f  1264/89/1 1262/78/1 1265/85/1
f  1265/85/1 1062/86/1 1075/88/1
f  1266/98/1 1259/93/1 1263/92/1
f  1266/98/1 1258/99/1 1259/93/1
f  1249/67/1 1042/105/1 1056/80/1
f  1252/103/1 1242/104/1 1243/47/1
f  1239/113/1 1028/115/1 1030/110/1
f  1239/113/1 1238/12/1 1028/115/1
f  1238/12/1 1027/117/1 1028/115/1
f  1238/12/1 1220/6/1 1027/117/1
f  1226/14/1 1220/6/1 1238/12/1
f  1220/6/1 1029/4/1 1027/117/1
f  1179/118/2 323/119/2 251/120/2
f  1179/118/2 251/120/2 1127/121/2
f  1178/122/2 1179/118/2 1127/121/2
f  1176/123/2 1177/124/2 1179/118/2
f  1176/123/2 1179/118/2 1178/122/2
f  1177/124/2 323/119/2 1179/118/2
f  1177/124/2 321/125/2 323/119/2
f  1175/127/2 1174/126/2 1177/124/2
f  1175/127/2 1177/124/2 1176/123/2
f  1174/126/2 321/125/2 1177/124/2
f  1187/128/2 1175/127/2 1176/123/2
f  1187/128/2 1176/123/2 1181/129/2
f  1181/129/2 1176/123/2 1178/122/2
f  1027/117/2 1174/126/2 1175/127/2
f  1028/115/2 1027/117/2 1175/127/2
f  1028/115/2 1175/127/2 1187/128/2
f  1027/117/2 1029/4/2 1174/126/2
f  1029/4/2 322/130/2 1174/126/2
f  1174/126/2 322/130/2 321/125/2
f  1029/4/2 89/3/2 322/130/2
f  1030/110/2 1028/115/2 1187/128/2
f  1030/110/2 1187/128/2 1188/131/2
f  1188/131/2 1187/128/2 1181/129/2
f  1032/108/2 1030/110/2 1188/131/2
f  1188/131/2 1181/129/2 1183/133/2
f  1032/108/2 1188/131/2 1189/132/2
f  1189/132/2 1188/131/2 1183/133/2
f  1035/106/2 1032/108/2 1189/132/2
f  1189/132/2 1183/133/2 1185/134/2
f  1035/106/2 1189/132/2 1192/135/2
f  1192/135/2 1189/132/2 1185/134/2
f  1183/133/2 1181/129/2 1180/136/2
f  1183/133/2 1180/136/2 1182/137/2
f  1185/134/2 1183/133/2 1182/137/2
f  1185/134/2 1182/137/2 1184/139/2
f  1192/135/2 1185/134/2 1190/138/2
f  1190/138/2 1185/134/2 1184/139/2
f  1042/105/2 1035/106/2 1192/135/2
f  1042/105/2 1192/135/2 1194/151/2
f  1194/151/2 1192/135/2 1190/138/2
f  1190/138/2 1184/139/2 1186/144/2
f  1194/151/2 1190/138/2 1193/147/2
f  1193/147/2 1190/138/2 1186/144/2
f  1186/144/2 1184/139/2 1147/143/2
f  1184/139/2 1182/137/2 1148/140/2
f  1184/139/2 1148/140/2 1147/143/2
f  1191/146/2 1186/144/2 1150/145/2
f  1186/144/2 1147/143/2 1150/145/2
f  1193/147/2 1186/144/2 1191/146/2
f  1197/152/2 1194/151/2 1193/147/2
f  1197/152/2 1193/147/2 1196/150/2
f  1196/150/2 1193/147/2 1191/146/2
f  1195/149/2 1191/146/2 1154/148/2
f  1191/146/2 1150/145/2 1154/148/2
f  1196/150/2 1191/146/2 1195/149/2
f  1201/153/2 1197/152/2 1196/150/2
f  1201/153/2 1196/150/2 1199/154/2
f  1199/154/2 1196/150/2 1195/149/2
f  1056/80/2 1194/151/2 1197/152/2
f  1057/81/2 1056/80/2 1197/152/2
f  1057/81/2 1197/152/2 1201/153/2
f  1058/83/2 1057/81/2 1201/153/2
f  1058/83/2 1201/153/2 1204/155/2
f  1204/155/2 1201/153/2 1199/154/2
f  1199/154/2 1195/149/2 1198/157/2
f  1204/155/2 1199/154/2 1202/156/2
f  1202/156/2 1199/154/2 1198/157/2
f  1062/86/2 1058/83/2 1204/155/2
f  1062/86/2 1204/155/2 1206/158/2
f  1206/158/2 1204/155/2 1202/156/2
f  1202/156/2 1198/157/2 1200/160/2
f  1206/158/2 1202/156/2 1205/159/2
f  1205/159/2 1202/156/2 1200/160/2
f  1200/160/2 1198/157/2 1163/162/2
f  1198/157/2 1195/149/2 1164/161/2
f  1198/157/2 1164/161/2 1163/162/2
f  1203/164/2 1200/160/2 1166/163/2
f  1200/160/2 1163/162/2 1166/163/2
f  1205/159/2 1200/160/2 1203/164/2
f  1209/169/2 1206/158/2 1205/159/2
f  1209/169/2 1205/159/2 1208/167/2
f  1208/167/2 1205/159/2 1203/164/2
f  1207/166/2 1203/164/2 1170/165/2
f  1203/164/2 1166/163/2 1170/165/2
f  1208/167/2 1203/164/2 1207/166/2
f  1207/166/2 1170/165/2 1171/168/2
f  1075/88/2 1206/158/2 1209/169/2
f  1075/88/2 1062/86/2 1206/158/2
f  1195/149/2 1154/148/2 1164/161/2
f  1056/80/2 1042/105/2 1194/151/2
f  1182/137/2 1172/141/2 1148/140/2
f  1182/137/2 1180/136/2 1172/141/2
f  1180/136/2 1173/142/2 1172/141/2
f  1180/136/2 1178/122/2 1173/142/2
f  1181/129/2 1178/122/2 1180/136/2
f  1178/122/2 1127/121/2 1173/142/2
f  1267/176/3 249/177/3 250/172/3
f  1267/176/3 250/172/3 1268/173/3
f  1269/175/3 1267/176/3 1268/173/3
f  1270/182/3 1271/185/3 1267/176/3
f  1270/182/3 1267/176/3 1269/175/3
f  1271/185/3 249/177/3 1267/176/3
f  1271/185/3 247/204/3 249/177/3
f  1272/193/3 1273/200/3 1271/185/3
f  1272/193/3 1271/185/3 1270/182/3
f  1273/200/3 247/204/3 1271/185/3
f  1274/191/3 1272/193/3 1270/182/3
f  1274/191/3 1270/182/3 1275/183/3
f  1275/183/3 1270/182/3 1269/175/3
f  1173/142/3 1273/200/3 1272/193/3
f  1172/141/3 1173/142/3 1272/193/3
f  1172/141/3 1272/193/3 1274/191/3
f  1173/142/3 1127/121/3 1273/200/3
f  1127/121/3 246/202/3 1273/200/3
f  1273/200/3 246/202/3 247/204/3
f  1127/121/3 251/120/3 246/202/3
f  1148/140/3 1172/141/3 1274/191/3
f  1148/140/3 1274/191/3 1276/190/3
f  1276/190/3 1274/191/3 1275/183/3
f  1147/143/3 1148/140/3 1276/190/3
f  1276/190/3 1275/183/3 1277/188/3
f  1147/143/3 1276/190/3 1278/197/3
f  1278/197/3 1276/190/3 1277/188/3
f  1150/145/3 1147/143/3 1278/197/3
f  1278/197/3 1277/188/3 1279/211/3
f  1150/145/3 1278/197/3 1280/206/3
f  1280/206/3 1278/197/3 1279/211/3
f  1277/188/3 1275/183/3 1281/181/3
f  1277/188/3 1281/181/3 1282/269/3
f  1279/211/3 1277/188/3 1282/269/3
f  1279/211/3 1282/269/3 1283/268/3
f  1280/206/3 1279/211/3 1284/213/3
f  1284/213/3 1279/211/3 1283/268/3
f  1154/148/3 1150/145/3 1280/206/3
f  1154/148/3 1280/206/3 1285/209/3
f  1285/209/3 1280/206/3 1284/213/3
f  1284/213/3 1283/268/3 1286/226/3
f  1285/209/3 1284/213/3 1287/216/3
f  1287/216/3 1284/213/3 1286/226/3
f  1286/226/3 1283/268/3 1288/264/3
f  1283/268/3 1282/269/3 1289/266/3
f  1283/268/3 1289/266/3 1288/264/3
f  1290/227/3 1286/226/3 1291/262/3
f  1286/226/3 1288/264/3 1291/262/3
f  1287/216/3 1286/226/3 1290/227/3
f  1292/215/3 1285/209/3 1287/216/3
f  1292/215/3 1287/216/3 1293/220/3
f  1293/220/3 1287/216/3 1290/227/3
f  1294/229/3 1290/227/3 1295/261/3
f  1290/227/3 1291/262/3 1295/261/3
f  1293/220/3 1290/227/3 1294/229/3
f  1296/223/3 1292/215/3 1293/220/3
f  1296/223/3 1293/220/3 1297/224/3
f  1297/224/3 1293/220/3 1294/229/3
f  1164/161/3 1285/209/3 1292/215/3
f  1163/162/3 1164/161/3 1292/215/3
f  1163/162/3 1292/215/3 1296/223/3
f  1166/163/3 1163/162/3 1296/223/3
f  1166/163/3 1296/223/3 1298/258/3
f  1298/258/3 1296/223/3 1297/224/3
f  1297/224/3 1294/229/3 1299/232/3
f  1298/258/3 1297/224/3 1300/230/3
f  1300/230/3 1297/224/3 1299/232/3
f  1170/165/3 1166/163/3 1298/258/3
f  1170/165/3 1298/258/3 1301/255/3
f  1301/255/3 1298/258/3 1300/230/3
f  1300/230/3 1299/232/3 1302/236/3
f  1301/255/3 1300/230/3 1303/239/3
f  1303/239/3 1300/230/3 1302/236/3
f  1302/236/3 1299/232/3 1304/243/3
f  1299/232/3 1294/229/3 1305/242/3
f  1299/232/3 1305/242/3 1304/243/3
f  1306/240/3 1302/236/3 1307/245/3
f  1302/236/3 1304/243/3 1307/245/3
f  1303/239/3 1302/236/3 1306/240/3
f  1308/254/3 1301/255/3 1303/239/3
f  1308/254/3 1303/239/3 1309/251/3
f  1309/251/3 1303/239/3 1306/240/3
f  1310/247/3 1306/240/3 1311/248/3
f  1306/240/3 1307/245/3 1311/248/3
f  1309/251/3 1306/240/3 1310/247/3
f  1310/247/3 1311/248/3 1312/250/3
f  1171/168/3 1301/255/3 1308/254/3
f  1171/168/3 1170/165/3 1301/255/3
f  1294/229/3 1295/261/3 1305/242/3
f  1164/161/3 1154/148/3 1285/209/3
f  1282/269/3 1313/271/3 1289/266/3
f  1282/269/3 1281/181/3 1313/271/3
f  1281/181/3 1314/273/3 1313/271/3
f  1281/181/3 1269/175/3 1314/273/3
f  1275/183/3 1269/175/3 1281/181/3
f  1269/175/3 1268/173/3 1314/273/3
f  1315/274/4 310/275/4 98/276/4
f  1315/274/4 98/276/4 1229/277/4
f  1316/278/4 1315/274/4 1229/277/4
f  1317/279/4 1318/280/4 1315/274/4
f  1317/279/4 1315/274/4 1316/278/4
f  1318/280/4 310/275/4 1315/274/4
f  1318/280/4 311/281/4 310/275/4
f  1319/283/4 1320/282/4 1318/280/4
f  1319/283/4 1318/280/4 1317/279/4
f  1320/282/4 311/281/4 1318/280/4
f  1321/284/4 1319/283/4 1317/279/4
f  1321/284/4 1317/279/4 1322/285/4
f  1322/285/4 1317/279/4 1316/278/4
f  1314/273/4 1320/282/4 1319/283/4
f  1313/271/4 1314/273/4 1319/283/4
f  1313/271/4 1319/283/4 1321/284/4
f  1314/273/4 1268/173/4 1320/282/4
f  1268/173/4 312/286/4 1320/282/4
f  1320/282/4 312/286/4 311/281/4
f  1268/173/4 250/172/4 312/286/4
f  1289/266/4 1313/271/4 1321/284/4
f  1289/266/4 1321/284/4 1323/287/4
f  1323/287/4 1321/284/4 1322/285/4
f  1288/264/4 1289/266/4 1323/287/4
f  1323/287/4 1322/285/4 1324/289/4
f  1288/264/4 1323/287/4 1325/288/4
f  1325/288/4 1323/287/4 1324/289/4
f  1291/262/4 1288/264/4 1325/288/4
f  1325/288/4 1324/289/4 1326/290/4
f  1291/262/4 1325/288/4 1327/291/4
f  1327/291/4 1325/288/4 1326/290/4
f  1324/289/4 1322/285/4 1328/292/4
f  1324/289/4 1328/292/4 1329/293/4
f  1326/290/4 1324/289/4 1329/293/4
f  1326/290/4 1329/293/4 1330/295/4
f  1327/291/4 1326/290/4 1331/294/4
f  1331/294/4 1326/290/4 1330/295/4
f  1295/261/4 1291/262/4 1327/291/4
f  1295/261/4 1327/291/4 1332/307/4
f  1332/307/4 1327/291/4 1331/294/4
f  1331/294/4 1330/295/4 1333/300/4
f  1332/307/4 1331/294/4 1334/303/4
f  1334/303/4 1331/294/4 1333/300/4
f  1333/300/4 1330/295/4 1232/299/4
f  1330/295/4 1329/293/4 1230/296/4
f  1330/295/4 1230/296/4 1232/299/4
f  1335/302/4 1333/300/4 1235/301/4
f  1333/300/4 1232/299/4 1235/301/4
f  1334/303/4 1333/300/4 1335/302/4
f  1336/308/4 1332/307/4 1334/303/4
f  1336/308/4 1334/303/4 1337/306/4
f  1337/306/4 1334/303/4 1335/302/4
f  1338/305/4 1335/302/4 1242/304/4
f  1335/302/4 1235/301/4 1242/304/4
f  1337/306/4 1335/302/4 1338/305/4
f  1339/309/4 1336/308/4 1337/306/4
f  1339/309/4 1337/306/4 1340/310/4
f  1340/310/4 1337/306/4 1338/305/4
f  1305/242/4 1332/307/4 1336/308/4
f  1304/243/4 1305/242/4 1336/308/4
f  1304/243/4 1336/308/4 1339/309/4
f  1307/245/4 1304/243/4 1339/309/4
f  1307/245/4 1339/309/4 1341/311/4
f  1341/311/4 1339/309/4 1340/310/4
f  1340/310/4 1338/305/4 1342/313/4
f  1341/311/4 1340/310/4 1343/312/4
f  1343/312/4 1340/310/4 1342/313/4
f  1311/248/4 1307/245/4 1341/311/4
f  1311/248/4 1341/311/4 1344/314/4
f  1344/314/4 1341/311/4 1343/312/4
f  1343/312/4 1342/313/4 1345/316/4
f  1344/314/4 1343/312/4 1346/315/4
f  1346/315/4 1343/312/4 1345/316/4
f  1345/316/4 1342/313/4 1253/318/4
f  1342/313/4 1338/305/4 1252/317/4
f  1342/313/4 1252/317/4 1253/318/4
f  1347/320/4 1345/316/4 1254/319/4
f  1345/316/4 1253/318/4 1254/319/4
f  1346/315/4 1345/316/4 1347/320/4
f  1348/325/4 1344/314/4 1346/315/4
f  1348/325/4 1346/315/4 1349/323/4
f  1349/323/4 1346/315/4 1347/320/4
f  1350/322/4 1347/320/4 1258/321/4
f  1347/320/4 1254/319/4 1258/321/4
f  1349/323/4 1347/320/4 1350/322/4
f  1350/322/4 1258/321/4 1266/324/4
f  1312/250/4 1344/314/4 1348/325/4
f  1312/250/4 1311/248/4 1344/314/4
f  1338/305/4 1242/304/4 1252/317/4
f  1305/242/4 1295/261/4 1332/307/4
f  1329/293/4 1228/297/4 1230/296/4
f  1329/293/4 1328/292/4 1228/297/4
f  1328/292/4 1227/298/4 1228/297/4
f  1328/292/4 1316/278/4 1227/298/4
f  1322/285/4 1316/278/4 1328/292/4
f  1316/278/4 1229/277/4 1227/298/4
f  1351/330/5 1310/247/5 1312/250/5
f  1351/330/5 1312/250/5 1348/327/5
f  1352/337/5 1310/247/5 1351/330/5
f  1353/335/5 1352/337/5 1351/330/5
f  1353/335/5 1351/330/5 1354/329/5
f  1354/329/5 1351/330/5 1348/327/5
f  1352/337/5 1309/251/5 1310/247/5
f  1355/349/5 1309/251/5 1352/337/5
f  1356/345/5 1355/349/5 1352/337/5
f  1356/345/5 1352/337/5 1353/335/5
f  1357/336/5 1353/335/5 1354/329/5
f  1358/343/5 1356/345/5 1353/335/5
f  1358/343/5 1353/335/5 1357/336/5
f  1357/336/5 1354/329/5 1359/334/5
f  1359/334/5 1354/329/5 1349/359/5
f  1354/329/5 1348/327/5 1349/359/5
f  1264/340/5 1357/336/5 1359/334/5
f  1265/342/5 1358/343/5 1357/336/5
f  1265/342/5 1357/336/5 1264/340/5
f  1075/354/5 1209/353/5 1358/343/5
f  1075/354/5 1358/343/5 1265/342/5
f  1209/353/5 1356/345/5 1358/343/5
f  1209/353/5 1208/351/5 1356/345/5
f  1208/351/5 1355/349/5 1356/345/5
f  1208/351/5 1207/352/5 1355/349/5
f  1207/352/5 1171/168/5 1308/254/5
f  1207/352/5 1308/254/5 1355/349/5
f  1355/349/5 1308/254/5 1309/251/5
f  1264/340/5 1359/334/5 1263/356/5
f  1263/356/5 1359/334/5 1350/360/5
f  1263/356/5 1350/360/5 1266/361/5
f  1359/334/5 1349/359/5 1350/360/5
f  333/368/6 94/369/6 98/364/6
f  333/368/6 98/364/6 310/365/6
f  320/377/6 94/369/6 333/368/6
f  315/374/6 320/377/6 333/368/6
f  315/374/6 333/368/6 314/367/6
f  314/367/6 333/368/6 310/365/6
f  320/377/6 92/387/6 94/369/6
f  319/385/6 92/387/6 320/377/6
f  318/382/6 319/385/6 320/377/6
f  318/382/6 320/377/6 315/374/6
f  316/375/6 315/374/6 314/367/6
f  317/380/6 318/382/6 315/374/6
f  317/380/6 315/374/6 316/375/6
f  316/375/6 314/367/6 313/373/6
f  313/373/6 314/367/6 311/396/6
f  314/367/6 310/365/6 311/396/6
f  247/204/6 316/375/6 313/373/6
f  246/202/6 317/380/6 316/375/6
f  246/202/6 316/375/6 247/204/6
f  251/120/6 323/394/6 317/380/6
f  251/120/6 317/380/6 246/202/6
f  323/394/6 318/382/6 317/380/6
f  323/394/6 321/391/6 318/382/6
f  321/391/6 319/385/6 318/382/6
f  321/391/6 322/392/6 319/385/6
f  322/392/6 89/393/6 90/389/6
f  322/392/6 90/389/6 319/385/6
f  319/385/6 90/389/6 92/387/6
f  247/204/6 313/373/6 249/177/6
f  249/177/6 313/373/6 312/397/6
f  249/177/6 312/397/6 250/172/6
f  313/373/6 311/396/6 312/397/6

